Data File Name,Eukaryote Total RNA Nano_2020-12-10_13-15-38.xad
Data File Path,C:\Program Files (x86)\Agilent\2100 bioanalyzer\2100 expert\Data\2020-12-10
Date Created,"Thursday, December 10, 2020 1:15:37 PM"
Date Last Modified,"Thursday, December 10, 2020 3:04:09 PM"
Version Created,B.02.11.SI811
Version Last Modified,B.02.11.SI811
 
Assay Name,Eukaryote Total RNA Nano Series II
Assay Path,C:\Program Files (x86)\Agilent\2100 bioanalyzer\2100 expert\assays\RNA
Assay Title,Eukaryote Total RNA Nano
Assay Version,2.6
 
Number of Samples Run,11
 
Sample Name,Sample 1
 
Peak Table
Time corrected area,Area,Aligned Migration Time [s],Peak Height,Peak Width
21.0,5.0,22.50,14.3,0.8
 
Fragment Table
Name,Start Time [s],End Time [s],Area,% of total Area
 
Region Table
Name,From [s],To [s],Corr. Area,% of Total,Color
Region 1,35.80,38.24,1.1,14,16711680
 
 
Sample Name,17a_PU_9_TP1
 
Peak Table
Time corrected area,Area,Aligned Migration Time [s],Peak Height,Peak Width
21.5,5.1,22.50,15.1,0.9
51.4,20.0,36.52,51.9,1.7
2.1,0.9,42.09,1.8,1.0
 
Fragment Table
Name,Start Time [s],End Time [s],Area,% of total Area
18S,41.58,43.41,2.0,3.0
 
Region Table
Name,From [s],To [s],Corr. Area,% of Total,Color
Region 1,35.80,38.24,53.6,80,16711680
 
 
Sample Name,17a_PU_9_TP2
 
Peak Table
Time corrected area,Area,Aligned Migration Time [s],Peak Height,Peak Width
21.9,5.3,22.50,15.3,1.0
48.3,19.0,36.49,44.7,1.8
2.2,1.0,42.07,1.8,1.1
 
Fragment Table
Name,Start Time [s],End Time [s],Area,% of total Area
18S,41.51,43.05,1.7,2.1
 
Region Table
Name,From [s],To [s],Corr. Area,% of Total,Color
Region 1,35.80,38.24,53.4,64,16711680
 
 
Sample Name,17a_PU_9_TP3
 
Peak Table
Time corrected area,Area,Aligned Migration Time [s],Peak Height,Peak Width
22.8,5.5,22.50,15.9,0.8
50.9,20.1,36.50,39.5,2.8
1.7,0.8,42.09,1.4,1.1
 
Fragment Table
Name,Start Time [s],End Time [s],Area,% of total Area
18S,41.53,42.78,1.3,1.5
 
Region Table
Name,From [s],To [s],Corr. Area,% of Total,Color
Region 1,35.80,38.24,50.9,62,16711680
 
 
Sample Name,17a_PU_9_TP4
 
Peak Table
Time corrected area,Area,Aligned Migration Time [s],Peak Height,Peak Width
22.7,5.5,22.50,16.0,0.8
1.1,0.4,32.00,1.0,0.6
3.1,1.1,33.15,1.1,1.3
42.9,17.0,36.52,28.0,3.6
1.4,0.6,42.10,1.1,0.7
 
Fragment Table
Name,Start Time [s],End Time [s],Area,% of total Area
18S,41.77,42.51,0.4,0.7
 
Region Table
Name,From [s],To [s],Corr. Area,% of Total,Color
Region 1,35.80,38.24,39.4,64,16711680
 
 
Sample Name,17a_PU_9_TP5
 
Peak Table
Time corrected area,Area,Aligned Migration Time [s],Peak Height,Peak Width
23.7,5.8,22.50,16.2,0.9
3.8,1.5,35.42,2.4,0.7
35.5,14.0,36.53,25.9,1.9
2.6,1.2,42.04,1.2,1.8
 
Fragment Table
Name,Start Time [s],End Time [s],Area,% of total Area
18S,41.62,42.69,0.8,1.0
 
Region Table
Name,From [s],To [s],Corr. Area,% of Total,Color
Region 1,35.80,38.24,40.3,53,16711680
 
 
Sample Name,17a_PU_9_TP6
 
Peak Table
Time corrected area,Area,Aligned Migration Time [s],Peak Height,Peak Width
20.8,5.0,22.50,14.9,0.7
1.6,0.5,31.96,1.3,0.7
3.1,1.1,32.98,1.2,1.3
7.5,2.8,35.31,2.9,1.7
29.5,11.6,36.52,19.2,2.0
 
Fragment Table
Name,Start Time [s],End Time [s],Area,% of total Area
 
Region Table
Name,From [s],To [s],Corr. Area,% of Total,Color
Region 1,35.80,38.24,31.9,49,16711680
 
 
Sample Name,17a_PU_9_TP7
 
Peak Table
Time corrected area,Area,Aligned Migration Time [s],Peak Height,Peak Width
21.0,5.0,22.50,15.0,0.7
1.8,0.6,31.99,1.2,0.7
3.1,1.1,33.07,1.2,1.0
3.2,1.2,34.38,1.7,0.8
7.4,2.8,35.28,4.0,0.8
34.7,13.5,36.50,19.7,1.8
1.2,0.5,41.95,1.0,0.8
 
Fragment Table
Name,Start Time [s],End Time [s],Area,% of total Area
18S,41.48,42.51,0.7,0.7
 
Region Table
Name,From [s],To [s],Corr. Area,% of Total,Color
Region 1,35.80,38.24,38.7,42,16711680
 
 
Sample Name,17a_PU_9_TP8
 
Peak Table
Time corrected area,Area,Aligned Migration Time [s],Peak Height,Peak Width
21.4,5.1,22.50,15.0,0.8
2.5,0.8,31.89,1.8,0.8
4.1,1.4,32.97,1.6,1.2
2.8,1.0,34.25,1.6,0.8
6.7,2.5,35.24,3.3,0.9
23.2,9.0,36.46,12.7,1.8
 
Fragment Table
Name,Start Time [s],End Time [s],Area,% of total Area
 
Region Table
Name,From [s],To [s],Corr. Area,% of Total,Color
Region 1,35.80,38.24,27.0,33,16711680
 
 
Sample Name,17a_PU_9_TP9
 
Peak Table
Time corrected area,Area,Aligned Migration Time [s],Peak Height,Peak Width
20.1,4.8,22.50,14.6,0.7
3.7,1.4,35.34,1.7,1.0
 
Fragment Table
Name,Start Time [s],End Time [s],Area,% of total Area
 
Region Table
Name,From [s],To [s],Corr. Area,% of Total,Color
Region 1,35.80,38.24,7.5,12,16711680
 
 
Sample Name,17a_PU_9_TP10
 
Peak Table
Time corrected area,Area,Aligned Migration Time [s],Peak Height,Peak Width
21.9,5.2,22.50,15.3,0.9
13.9,3.9,26.46,1.9,2.9
6.4,1.8,27.75,2.4,0.9
4.0,1.2,28.38,2.3,0.5
9.0,2.8,29.81,2.3,1.2
9.3,3.1,31.82,3.0,1.2
4.4,1.6,34.20,2.0,0.8
4.9,1.8,35.25,2.3,0.9
 
Fragment Table
Name,Start Time [s],End Time [s],Area,% of total Area
 
Region Table
Name,From [s],To [s],Corr. Area,% of Total,Color
Region 1,35.80,38.24,7.5,9,16711680
 
