Data File Name,Eukaryote Total RNA Nano_2020-12-10_15-22-13.xad
Data File Path,C:\Program Files (x86)\Agilent\2100 bioanalyzer\2100 expert\Data\2020-12-10
Date Created,"Thursday, December 10, 2020 3:22:12 PM"
Date Last Modified,"Thursday, December 10, 2020 4:03:46 PM"
Version Created,B.02.11.SI811
Version Last Modified,B.02.11.SI811
 
Assay Name,Eukaryote Total RNA Nano Series II
Assay Path,C:\Program Files (x86)\Agilent\2100 bioanalyzer\2100 expert\assays\RNA
Assay Title,Eukaryote Total RNA Nano
Assay Version,2.6
 
Number of Samples Run,11
 
Sample Name,Sample 1
 
Peak Table
Time corrected area,Area,Aligned Migration Time [s],Peak Height,Peak Width
30.4,7.2,22.50,20.3,1.0
 
Fragment Table
Name,Start Time [s],End Time [s],Area,% of total Area
 
Region Table
Name,From [s],To [s],Corr. Area,% of Total,Color
Region 1,35.77,38.24,0.7,14,16711680
 
 
Sample Name,17a_PU_12_TP1
 
Peak Table
Time corrected area,Area,Aligned Migration Time [s],Peak Height,Peak Width
31.4,7.4,22.50,21.5,1.0
58.7,22.7,36.77,54.8,1.8
3.3,1.5,42.34,3.0,1.3
 
Fragment Table
Name,Start Time [s],End Time [s],Area,% of total Area
18S,41.86,43.53,3.0,3.8
 
Region Table
Name,From [s],To [s],Corr. Area,% of Total,Color
Region 1,35.77,38.24,61.6,79,16711680
 
 
Sample Name,17a_PU_12_TP2
 
Peak Table
Time corrected area,Area,Aligned Migration Time [s],Peak Height,Peak Width
31.9,7.6,22.50,21.7,0.9
2.3,0.9,35.59,1.6,0.7
53.5,20.8,36.78,47.0,1.9
5.6,2.5,42.21,5.1,1.7
 
Fragment Table
Name,Start Time [s],End Time [s],Area,% of total Area
18S,40.79,43.16,5.4,6.7
 
Region Table
Name,From [s],To [s],Corr. Area,% of Total,Color
Region 1,35.77,38.24,56.9,70,16711680
 
 
Sample Name,17a_PU_12_TP3
 
Peak Table
Time corrected area,Area,Aligned Migration Time [s],Peak Height,Peak Width
32.4,7.7,22.50,22.1,0.8
5.1,1.9,35.49,3.0,0.9
61.2,23.9,36.72,51.3,2.0
0.8,0.3,38.65,0.5,1.0
5.0,2.2,42.22,3.4,1.8
 
Fragment Table
Name,Start Time [s],End Time [s],Area,% of total Area
18S,40.95,44.86,5.3,6.5
 
Region Table
Name,From [s],To [s],Corr. Area,% of Total,Color
Region 1,35.77,38.24,64.0,79,16711680
 
 
Sample Name,17a_PU_12_TP4
 
Peak Table
Time corrected area,Area,Aligned Migration Time [s],Peak Height,Peak Width
33.4,8.0,22.50,22.3,0.9
6.7,2.5,35.47,3.9,0.9
55.2,21.5,36.75,42.3,2.0
0.8,0.3,38.73,0.6,0.8
1.7,0.7,41.65,1.4,0.8
2.5,1.1,42.31,2.0,1.0
 
Fragment Table
Name,Start Time [s],End Time [s],Area,% of total Area
18S,41.98,42.92,1.3,1.4
 
Region Table
Name,From [s],To [s],Corr. Area,% of Total,Color
Region 1,35.77,38.24,60.2,67,16711680
 
 
Sample Name,17a_PU_12_TP5
 
Peak Table
Time corrected area,Area,Aligned Migration Time [s],Peak Height,Peak Width
34.2,8.1,22.50,22.8,0.9
7.4,2.7,35.38,4.2,0.9
48.0,18.6,36.66,34.5,2.0
1.3,0.6,41.64,1.0,0.8
1.2,0.5,42.25,1.0,0.9
 
Fragment Table
Name,Start Time [s],End Time [s],Area,% of total Area
18S,41.12,41.92,0.5,0.7
 
Region Table
Name,From [s],To [s],Corr. Area,% of Total,Color
Region 1,35.77,38.24,51.7,66,16711680
 
 
Sample Name,17a_PU_12_TP6
 
Peak Table
Time corrected area,Area,Aligned Migration Time [s],Peak Height,Peak Width
31.6,7.5,22.50,21.4,0.7
9.7,3.6,35.30,4.9,1.0
38.9,15.0,36.68,24.4,2.0
0.6,0.2,38.53,0.5,0.7
2.2,1.0,41.43,1.5,1.2
2.0,0.9,42.15,1.6,1.0
 
Fragment Table
Name,Start Time [s],End Time [s],Area,% of total Area
18S,41.77,42.81,0.9,1.1
 
Region Table
Name,From [s],To [s],Corr. Area,% of Total,Color
Region 1,35.77,38.24,43.9,52,16711680
 
 
Sample Name,17a_PU_12_TP7
 
Peak Table
Time corrected area,Area,Aligned Migration Time [s],Peak Height,Peak Width
32.1,7.5,22.50,21.8,1.0
12.2,4.5,35.23,6.0,1.1
35.1,13.4,36.67,20.5,1.9
2.8,1.2,41.36,1.5,1.3
 
Fragment Table
Name,Start Time [s],End Time [s],Area,% of total Area
18S,40.36,41.84,1.5,1.9
 
Region Table
Name,From [s],To [s],Corr. Area,% of Total,Color
Region 1,35.77,38.24,40.1,50,16711680
 
 
Sample Name,17a_PU_12_TP8
 
Peak Table
Time corrected area,Area,Aligned Migration Time [s],Peak Height,Peak Width
31.9,7.5,22.50,21.6,0.8
1.4,0.5,34.26,1.2,0.5
14.7,5.3,35.12,6.9,1.2
34.0,12.9,36.62,18.3,1.9
2.4,1.0,41.34,1.2,1.6
 
Fragment Table
Name,Start Time [s],End Time [s],Area,% of total Area
18S,39.89,43.84,3.6,4.6
 
Region Table
Name,From [s],To [s],Corr. Area,% of Total,Color
Region 1,35.77,38.24,38.0,48,16711680
 
 
Sample Name,17a_PU_12_TP9
 
Peak Table
Time corrected area,Area,Aligned Migration Time [s],Peak Height,Peak Width
32.2,7.5,22.50,21.5,0.9
9.2,2.5,26.56,1.6,2.7
4.2,1.2,27.44,1.8,0.8
31.2,11.3,34.98,5.6,4.4
28.5,15.6,52.98,21.1,2.1
 
Fragment Table
Name,Start Time [s],End Time [s],Area,% of total Area
 
Region Table
Name,From [s],To [s],Corr. Area,% of Total,Color
Region 1,35.77,38.24,8.6,8,16711680
 
 
Sample Name,17a_PU_12_TP10
 
Peak Table
Time corrected area,Area,Aligned Migration Time [s],Peak Height,Peak Width
31.6,7.3,22.50,21.3,1.0
12.4,3.4,26.58,2.0,3.5
5.8,1.6,27.36,2.1,0.9
17.2,5.9,33.39,2.9,3.3
15.5,5.6,34.94,4.5,3.0
 
Fragment Table
Name,Start Time [s],End Time [s],Area,% of total Area
 
Region Table
Name,From [s],To [s],Corr. Area,% of Total,Color
Region 1,35.77,38.24,7.1,8,16711680
 
