Data File Name,Eukaryote Total RNA Nano_2020-12-02_14-31-30.xad
Data File Path,C:\Program Files (x86)\Agilent\2100 bioanalyzer\2100 expert\Data\2020-12-02
Date Created,"Wednesday, December 2, 2020 2:31:29 PM"
Date Last Modified,"Wednesday, December 2, 2020 3:31:50 PM"
Version Created,B.02.11.SI811
Version Last Modified,B.02.11.SI811
 
Assay Name,Eukaryote Total RNA Nano Series II
Assay Path,C:\Program Files (x86)\Agilent\2100 bioanalyzer\2100 expert\assays\RNA
Assay Title,Eukaryote Total RNA Nano
Assay Version,2.6
 
Number of Samples Run,12
 
Sample Name,17a1_TP1
 
Peak Table
Time corrected area,Area,Aligned Migration Time [s],Peak Height,Peak Width
24.2,5.7,22.50,17.3,1.0
11.0,3.5,30.14,7.0,1.6
1.3,0.5,33.99,0.7,0.9
53.9,20.7,36.50,48.8,1.9
 
Fragment Table
Name,Start Time [s],End Time [s],Area,% of total Area
18S,41.58,43.10,1.2,1.5
 
Region Table
Name,From [s],To [s],Corr. Area,% of Total,Color
Region 1,29.18,30.87,11.5,14,16711680
Region 2,35.99,37.42,54.2,66,32768
 
 
Sample Name,17a1_TP2
 
Peak Table
Time corrected area,Area,Aligned Migration Time [s],Peak Height,Peak Width
24.0,5.7,22.50,17.5,0.7
12.2,3.9,30.14,7.1,1.4
5.8,2.1,33.96,1.9,1.4
37.8,14.6,36.56,25.3,3.0
 
Fragment Table
Name,Start Time [s],End Time [s],Area,% of total Area
 
Region Table
Name,From [s],To [s],Corr. Area,% of Total,Color
Region 1,29.18,30.87,14.1,17,16711680
Region 2,35.99,37.42,33.5,39,32768
 
 
Sample Name,17a1_TP3
 
Peak Table
Time corrected area,Area,Aligned Migration Time [s],Peak Height,Peak Width
23.6,5.7,22.50,17.0,0.7
15.5,5.0,30.06,8.1,1.4
9.6,3.5,33.89,2.6,1.7
23.2,9.1,36.60,11.6,2.9
 
Fragment Table
Name,Start Time [s],End Time [s],Area,% of total Area
 
Region Table
Name,From [s],To [s],Corr. Area,% of Total,Color
Region 1,29.18,30.87,18.0,25,16711680
Region 2,35.99,37.42,18.1,25,32768
 
 
Sample Name,17a1_TP4
 
Peak Table
Time corrected area,Area,Aligned Migration Time [s],Peak Height,Peak Width
23.0,5.6,22.50,16.8,0.7
13.7,4.4,30.11,7.2,1.2
9.4,3.4,33.91,2.6,1.6
17.2,6.8,36.65,7.2,2.8
 
Fragment Table
Name,Start Time [s],End Time [s],Area,% of total Area
 
Region Table
Name,From [s],To [s],Corr. Area,% of Total,Color
Region 1,29.18,30.87,18.4,25,16711680
Region 2,35.99,37.42,12.5,17,32768
 
 
Sample Name,17a2_TP1
 
Peak Table
Time corrected area,Area,Aligned Migration Time [s],Peak Height,Peak Width
24.3,5.9,22.50,17.6,0.9
11.9,3.9,30.11,7.3,1.7
1.5,0.6,34.01,0.9,0.9
34.1,13.4,36.60,31.0,1.9
1.3,0.6,41.94,0.8,0.8
 
Fragment Table
Name,Start Time [s],End Time [s],Area,% of total Area
18S,41.29,43.28,1.3,1.8
 
Region Table
Name,From [s],To [s],Corr. Area,% of Total,Color
Region 1,29.18,30.87,12.6,18,16711680
Region 2,35.99,37.42,34.9,49,32768
 
 
Sample Name,17a2_TP2
 
Peak Table
Time corrected area,Area,Aligned Migration Time [s],Peak Height,Peak Width
25.1,6.0,22.50,17.8,0.8
11.8,3.8,30.11,7.6,1.3
1.2,0.4,33.19,0.7,0.7
2.0,0.7,33.94,1.3,0.8
2.0,0.7,35.43,1.0,0.9
25.8,10.1,36.64,21.1,1.7
 
Fragment Table
Name,Start Time [s],End Time [s],Area,% of total Area
 
Region Table
Name,From [s],To [s],Corr. Area,% of Total,Color
Region 1,29.18,30.87,11.3,25,16711680
Region 2,35.99,37.42,25.3,57,32768
 
 
Sample Name,17a2_TP3
 
Peak Table
Time corrected area,Area,Aligned Migration Time [s],Peak Height,Peak Width
22.0,5.3,22.50,16.1,0.8
11.1,3.6,30.09,7.4,1.1
3.3,1.1,31.17,1.3,1.1
2.7,1.0,33.05,1.3,1.1
3.5,1.3,33.80,2.2,0.9
2.6,1.0,35.25,1.4,0.8
19.2,7.5,36.61,13.8,1.8
 
Fragment Table
Name,Start Time [s],End Time [s],Area,% of total Area
 
Region Table
Name,From [s],To [s],Corr. Area,% of Total,Color
Region 1,29.18,30.87,12.5,22,16711680
Region 2,35.99,37.42,19.2,34,32768
 
 
Sample Name,17a2_TP4
 
Peak Table
Time corrected area,Area,Aligned Migration Time [s],Peak Height,Peak Width
21.9,5.2,22.50,16.2,0.8
9.6,3.1,30.09,5.9,1.2
4.1,1.4,31.23,1.6,1.2
2.8,1.0,32.97,1.3,1.0
4.6,1.6,33.82,2.5,1.0
3.7,1.4,35.19,1.7,0.9
15.4,6.0,36.60,10.4,1.7
 
Fragment Table
Name,Start Time [s],End Time [s],Area,% of total Area
 
Region Table
Name,From [s],To [s],Corr. Area,% of Total,Color
Region 1,29.18,30.87,11.4,19,16711680
Region 2,35.99,37.42,16.1,26,32768
 
 
Sample Name,17a3_TP1
 
Peak Table
Time corrected area,Area,Aligned Migration Time [s],Peak Height,Peak Width
21.7,5.1,22.50,15.8,0.9
10.5,3.3,30.11,6.7,1.3
1.1,0.4,33.87,0.9,0.7
55.2,21.2,36.49,41.0,2.1
1.3,0.6,41.81,0.9,1.0
 
Fragment Table
Name,Start Time [s],End Time [s],Area,% of total Area
18S,41.24,42.86,1.3,1.7
 
Region Table
Name,From [s],To [s],Corr. Area,% of Total,Color
Region 1,29.18,30.87,10.6,14,16711680
Region 2,35.99,37.42,54.5,72,32768
 
 
Sample Name,17a3_TP2
 
Peak Table
Time corrected area,Area,Aligned Migration Time [s],Peak Height,Peak Width
21.3,5.0,22.50,15.3,0.8
10.9,3.4,30.08,6.7,1.2
6.6,2.3,33.85,1.7,2.3
34.9,13.3,36.47,20.3,2.9
 
Fragment Table
Name,Start Time [s],End Time [s],Area,% of total Area
 
Region Table
Name,From [s],To [s],Corr. Area,% of Total,Color
Region 1,29.18,30.87,11.9,18,16711680
Region 2,35.99,37.42,31.4,46,32768
 
 
Sample Name,17a3_TP3
 
Peak Table
Time corrected area,Area,Aligned Migration Time [s],Peak Height,Peak Width
20.6,4.8,22.50,15.2,0.7
13.6,4.3,30.06,8.1,1.2
9.7,3.4,33.70,2.6,1.7
24.0,9.1,36.53,10.5,2.7
 
Fragment Table
Name,Start Time [s],End Time [s],Area,% of total Area
 
Region Table
Name,From [s],To [s],Corr. Area,% of Total,Color
Region 1,29.18,30.87,17.3,21,16711680
Region 2,35.99,37.42,19.2,23,32768
 
 
Sample Name,17a3_TP4
 
Peak Table
Time corrected area,Area,Aligned Migration Time [s],Peak Height,Peak Width
20.6,4.8,22.50,14.9,1.0
1.5,0.4,24.08,0.6,1.0
5.8,1.7,28.40,1.2,2.4
12.7,4.0,30.08,6.5,1.2
9.1,3.2,33.73,2.6,1.5
17.5,6.7,36.60,5.9,2.8
 
Fragment Table
Name,Start Time [s],End Time [s],Area,% of total Area
 
Region Table
Name,From [s],To [s],Corr. Area,% of Total,Color
Region 1,29.18,30.87,15.3,18,16711680
Region 2,35.99,37.42,13.3,16,32768
 
