Data File Name,Eukaryote Total RNA Nano_2020-12-10_16-13-55.xad
Data File Path,C:\Program Files (x86)\Agilent\2100 bioanalyzer\2100 expert\Data\2020-12-10
Date Created,"Thursday, December 10, 2020 4:13:55 PM"
Date Last Modified,"Thursday, December 10, 2020 4:57:47 PM"
Version Created,B.02.11.SI811
Version Last Modified,B.02.11.SI811
 
Assay Name,Eukaryote Total RNA Nano Series II
Assay Path,C:\Program Files (x86)\Agilent\2100 bioanalyzer\2100 expert\assays\RNA
Assay Title,Eukaryote Total RNA Nano
Assay Version,2.6
 
Number of Samples Run,11
 
Sample Name,Sample 1
 
Peak Table
Time corrected area,Area,Aligned Migration Time [s],Peak Height,Peak Width
24.6,5.9,22.50,16.7,1.1
 
Fragment Table
Name,Start Time [s],End Time [s],Area,% of total Area
 
Region Table
Name,From [s],To [s],Corr. Area,% of Total,Color
Region 1,35.79,38.20,0.6,14,16711680
 
 
Sample Name,17a_PU_15_TP1
 
Peak Table
Time corrected area,Area,Aligned Migration Time [s],Peak Height,Peak Width
24.0,5.8,22.50,16.7,0.8
1.0,0.4,35.32,0.8,0.6
57.6,22.4,36.59,57.4,2.0
2.7,1.2,42.13,1.8,1.3
 
Fragment Table
Name,Start Time [s],End Time [s],Area,% of total Area
18S,41.38,43.87,2.9,3.9
 
Region Table
Name,From [s],To [s],Corr. Area,% of Total,Color
Region 1,35.79,38.20,59.4,78,16711680
 
 
Sample Name,17a_PU_15_TP2
 
Peak Table
Time corrected area,Area,Aligned Migration Time [s],Peak Height,Peak Width
24.0,5.8,22.50,16.6,0.8
3.8,1.4,35.24,2.5,0.8
65.0,25.4,36.55,57.5,2.1
4.7,2.1,42.20,3.5,1.4
 
Fragment Table
Name,Start Time [s],End Time [s],Area,% of total Area
18S,41.50,43.41,4.3,4.9
 
Region Table
Name,From [s],To [s],Corr. Area,% of Total,Color
Region 1,35.79,38.20,66.6,76,16711680
 
 
Sample Name,17a_PU_15_TP3
 
Peak Table
Time corrected area,Area,Aligned Migration Time [s],Peak Height,Peak Width
24.3,5.9,22.50,17.0,0.9
1.4,0.5,33.82,1.0,0.6
6.9,2.6,35.16,4.3,1.1
60.4,23.7,36.51,48.0,2.1
5.1,2.3,42.12,3.7,1.7
 
Fragment Table
Name,Start Time [s],End Time [s],Area,% of total Area
18S,41.06,43.70,4.9,5.3
 
Region Table
Name,From [s],To [s],Corr. Area,% of Total,Color
Region 1,35.79,38.20,62.0,67,16711680
 
 
Sample Name,17a_PU_15_TP4
 
Peak Table
Time corrected area,Area,Aligned Migration Time [s],Peak Height,Peak Width
25.1,6.1,22.50,17.1,0.8
0.9,0.3,30.00,0.8,0.6
2.0,0.7,33.80,1.2,0.9
9.7,3.7,35.14,5.6,1.3
53.2,21.0,36.53,38.0,2.1
3.8,1.7,42.18,2.4,1.5
 
Fragment Table
Name,Start Time [s],End Time [s],Area,% of total Area
18S,41.48,43.15,2.9,3.2
 
Region Table
Name,From [s],To [s],Corr. Area,% of Total,Color
Region 1,35.79,38.20,54.6,60,16711680
 
 
Sample Name,17a_PU_15_TP5
 
Peak Table
Time corrected area,Area,Aligned Migration Time [s],Peak Height,Peak Width
25.1,6.1,22.50,17.4,0.9
1.2,0.4,29.98,0.9,0.7
2.5,0.9,33.84,1.5,1.0
11.9,4.5,35.14,6.8,1.3
52.2,20.5,36.54,34.6,2.1
2.5,1.1,42.26,1.6,1.3
 
Fragment Table
Name,Start Time [s],End Time [s],Area,% of total Area
18S,41.14,43.74,2.5,2.6
 
Region Table
Name,From [s],To [s],Corr. Area,% of Total,Color
Region 1,35.79,38.20,53.4,56,16711680
 
 
Sample Name,17a_PU_15_TP6
 
Peak Table
Time corrected area,Area,Aligned Migration Time [s],Peak Height,Peak Width
22.8,5.5,22.50,16.2,0.7
1.4,0.4,29.97,1.0,0.7
2.6,0.9,33.80,1.6,0.9
14.4,5.4,35.06,7.9,1.4
42.4,16.6,36.50,25.2,2.1
 
Fragment Table
Name,Start Time [s],End Time [s],Area,% of total Area
 
Region Table
Name,From [s],To [s],Corr. Area,% of Total,Color
Region 1,35.79,38.20,43.8,51,16711680
 
 
Sample Name,17a_PU_15_TP7
 
Peak Table
Time corrected area,Area,Aligned Migration Time [s],Peak Height,Peak Width
23.2,5.6,22.50,16.2,1.1
1.8,0.6,28.47,0.9,0.9
2.3,0.7,29.97,1.5,1.0
3.2,1.2,33.77,1.9,1.0
18.2,6.8,35.04,9.5,1.4
39.3,15.3,36.54,20.7,2.0
 
Fragment Table
Name,Start Time [s],End Time [s],Area,% of total Area
 
Region Table
Name,From [s],To [s],Corr. Area,% of Total,Color
Region 1,35.79,38.20,41.6,45,16711680
 
 
Sample Name,17a_PU_15_TP8
 
Peak Table
Time corrected area,Area,Aligned Migration Time [s],Peak Height,Peak Width
22.6,5.4,22.50,15.9,0.8
1.6,0.5,29.95,1.2,0.7
20.7,7.7,35.05,8.8,2.4
31.5,12.2,36.56,15.2,2.1
 
Fragment Table
Name,Start Time [s],End Time [s],Area,% of total Area
 
Region Table
Name,From [s],To [s],Corr. Area,% of Total,Color
Region 1,35.79,38.20,32.4,43,16711680
 
 
Sample Name,17a_PU_15_TP9
 
Peak Table
Time corrected area,Area,Aligned Migration Time [s],Peak Height,Peak Width
23.7,5.6,22.50,16.3,1.1
8.0,2.2,26.53,1.2,2.4
6.7,2.0,28.37,2.0,1.4
5.5,1.7,29.84,2.4,1.0
5.7,1.9,31.22,1.8,1.3
35.9,13.2,34.86,7.5,3.2
 
Fragment Table
Name,Start Time [s],End Time [s],Area,% of total Area
 
Region Table
Name,From [s],To [s],Corr. Area,% of Total,Color
Region 1,35.79,38.20,7.8,9,16711680
 
 
Sample Name,17a_PU_15_TP10
 
Peak Table
Time corrected area,Area,Aligned Migration Time [s],Peak Height,Peak Width
22.3,5.3,22.50,15.7,0.9
8.4,2.3,26.53,1.1,2.6
5.4,1.6,28.34,2.0,1.0
4.9,1.6,29.86,2.1,0.9
6.6,2.1,30.90,2.1,1.4
35.5,12.8,34.18,6.2,4.5
 
Fragment Table
Name,Start Time [s],End Time [s],Area,% of total Area
 
Region Table
Name,From [s],To [s],Corr. Area,% of Total,Color
Region 1,35.79,38.20,4.7,6,16711680
 
