Data File Name,Eukaryote Total RNA Nano_2020-12-10_15-49-28.xad
Data File Path,C:\Program Files (x86)\Agilent\2100 bioanalyzer\2100 expert\Data\2020-12-10
Date Created,"Thursday, December 10, 2020 3:49:27 PM"
Date Last Modified,"Thursday, December 10, 2020 4:20:36 PM"
Version Created,B.02.11.SI811
Version Last Modified,B.02.11.SI811
 
Assay Name,Eukaryote Total RNA Nano Series II
Assay Path,C:\Program Files (x86)\Agilent\2100 bioanalyzer\2100 expert\assays\RNA
Assay Title,Eukaryote Total RNA Nano
Assay Version,2.6
 
Number of Samples Run,11
 
Sample Name,Sample 1
 
Peak Table
Time corrected area,Area,Aligned Migration Time [s],Peak Height,Peak Width
20.9,5.0,22.50,14.3,1.0
 
Fragment Table
Name,Start Time [s],End Time [s],Area,% of total Area
 
Region Table
Name,From [s],To [s],Corr. Area,% of Total,Color
Region 1,35.82,38.27,0.3,8,16711680
 
 
Sample Name,17a_PU_13_TP1
 
Peak Table
Time corrected area,Area,Aligned Migration Time [s],Peak Height,Peak Width
21.5,5.1,22.50,14.7,0.9
48.3,18.9,36.87,42.9,1.8
3.7,1.7,42.59,2.4,1.7
 
Fragment Table
Name,Start Time [s],End Time [s],Area,% of total Area
18S,41.55,44.57,4.4,7.4
 
Region Table
Name,From [s],To [s],Corr. Area,% of Total,Color
Region 1,35.82,38.27,50.2,84,16711680
 
 
Sample Name,17a_PU_13_TP2
 
Peak Table
Time corrected area,Area,Aligned Migration Time [s],Peak Height,Peak Width
21.3,5.1,22.50,14.8,0.8
4.5,1.7,36.08,1.9,1.5
54.9,21.6,36.87,43.9,2.0
4.1,1.9,42.65,2.2,1.8
 
Fragment Table
Name,Start Time [s],End Time [s],Area,% of total Area
18S,41.66,44.44,4.1,5.6
 
Region Table
Name,From [s],To [s],Corr. Area,% of Total,Color
Region 1,35.82,38.27,58.4,78,16711680
 
 
Sample Name,17a_PU_13_TP3
 
Peak Table
Time corrected area,Area,Aligned Migration Time [s],Peak Height,Peak Width
21.7,5.2,22.50,15.2,0.8
2.3,0.9,35.01,1.7,0.7
5.4,2.1,35.90,3.2,0.8
56.0,22.1,36.88,41.3,2.1
5.2,2.4,42.48,2.8,1.9
 
Fragment Table
Name,Start Time [s],End Time [s],Area,% of total Area
18S,41.55,44.44,5.5,6.9
 
Region Table
Name,From [s],To [s],Corr. Area,% of Total,Color
Region 1,35.82,38.27,60.5,77,16711680
 
 
Sample Name,17a_PU_13_TP4
 
Peak Table
Time corrected area,Area,Aligned Migration Time [s],Peak Height,Peak Width
21.4,5.2,22.50,14.9,0.8
4.1,1.5,34.98,2.9,0.8
7.3,2.8,35.82,4.2,0.8
57.1,22.6,36.85,39.1,2.0
5.5,2.5,42.53,2.3,2.1
 
Fragment Table
Name,Start Time [s],End Time [s],Area,% of total Area
18S,41.23,44.77,5.5,6.1
 
Region Table
Name,From [s],To [s],Corr. Area,% of Total,Color
Region 1,35.82,38.27,62.7,69,16711680
 
 
Sample Name,17a_PU_13_TP5
 
Peak Table
Time corrected area,Area,Aligned Migration Time [s],Peak Height,Peak Width
21.4,5.1,22.50,14.8,0.9
3.7,1.4,34.96,2.6,0.7
6.7,2.6,35.85,3.7,0.8
41.7,16.5,36.88,25.5,2.0
5.7,2.6,42.43,2.7,2.0
 
Fragment Table
Name,Start Time [s],End Time [s],Area,% of total Area
18S,41.50,44.39,5.7,7.4
 
Region Table
Name,From [s],To [s],Corr. Area,% of Total,Color
Region 1,35.82,38.27,47.5,62,16711680
 
 
Sample Name,17a_PU_13_TP6
 
Peak Table
Time corrected area,Area,Aligned Migration Time [s],Peak Height,Peak Width
19.9,4.8,22.50,13.9,0.9
4.9,1.8,34.97,3.2,0.8
7.7,2.9,35.81,4.3,0.8
34.9,13.8,36.94,20.1,1.9
3.3,1.5,42.47,1.4,1.3
 
Fragment Table
Name,Start Time [s],End Time [s],Area,% of total Area
18S,41.48,43.92,3.2,5.6
 
Region Table
Name,From [s],To [s],Corr. Area,% of Total,Color
Region 1,35.82,38.27,41.4,71,16711680
 
 
Sample Name,17a_PU_13_TP7
 
Peak Table
Time corrected area,Area,Aligned Migration Time [s],Peak Height,Peak Width
19.7,4.7,22.50,13.9,0.9
5.9,2.2,34.90,3.8,0.9
8.1,3.1,35.75,4.4,0.8
31.5,12.4,36.92,15.8,2.0
4.8,2.1,42.42,1.9,2.1
 
Fragment Table
Name,Start Time [s],End Time [s],Area,% of total Area
18S,41.38,44.06,4.4,6.4
 
Region Table
Name,From [s],To [s],Corr. Area,% of Total,Color
Region 1,35.82,38.27,37.1,53,16711680
 
 
Sample Name,17a_PU_13_TP8
 
Peak Table
Time corrected area,Area,Aligned Migration Time [s],Peak Height,Peak Width
19.1,4.6,22.50,13.7,0.7
7.1,2.6,34.88,4.4,1.0
9.9,3.8,35.68,4.9,0.9
27.0,10.6,36.95,13.0,1.9
4.3,1.9,42.36,1.5,1.6
 
Fragment Table
Name,Start Time [s],End Time [s],Area,% of total Area
18S,40.72,44.48,4.3,5.6
 
Region Table
Name,From [s],To [s],Corr. Area,% of Total,Color
Region 1,35.82,38.27,35.4,46,16711680
 
 
Sample Name,17a_PU_13_TP9
 
Peak Table
Time corrected area,Area,Aligned Migration Time [s],Peak Height,Peak Width
18.3,4.4,22.50,13.3,0.7
21.9,8.0,34.65,7.4,1.7
19.8,7.4,35.55,4.9,2.8
 
Fragment Table
Name,Start Time [s],End Time [s],Area,% of total Area
 
Region Table
Name,From [s],To [s],Corr. Area,% of Total,Color
Region 1,35.82,38.27,16.4,22,16711680
 
 
Sample Name,17a_PU_13_TP10
 
Peak Table
Time corrected area,Area,Aligned Migration Time [s],Peak Height,Peak Width
17.8,4.2,22.50,13.1,0.7
41.3,15.1,34.60,7.1,6.0
 
Fragment Table
Name,Start Time [s],End Time [s],Area,% of total Area
 
Region Table
Name,From [s],To [s],Corr. Area,% of Total,Color
Region 1,35.82,38.27,11.4,14,16711680
 
