,Sample,Nucleotide,Timepoint,Plate,FileNumber,Unnamed: 5,Unnamed: 6,Unnamed: 7,Unnamed: 8,Unnamed: 9,FileName,peak_nts,start_nt,end_nt,p4p6_area,background_area,total_area,subtracted_area,normalized_area,double_normalized,total_background_lane,fract_intact_lane
0,hHBB_10383581_START_reference_hHBB,PSU,0.0,1,2,,,,,,nts-Eukaryote Total RNA Nano_2020-12-10_07-39-50_Sample2.csv,[ 23.77029983 879.71161646],779.7116164596414,979.7116164596414,85.4467561932827,505.98585167198183,2240.7958048445403,1734.8099531725584,20.302818157875706,0.23777139104274037,711.6420757328087,0.9159369480247503
1,hHBB_10383581_START_reference_hHBB,PSU,0.5,1,3,,,,,,nts-Eukaryote Total RNA Nano_2020-12-10_07-39-50_Sample3.csv,[ 23.77029983 879.71161646],779.7116164596414,979.7116164596414,81.20765483817493,578.9120989417418,2098.3195935252593,1519.4074945835175,18.710151125670222,0.23709511232452335,1024.8745450241947,0.8247197287328989
2,hHBB_10383581_START_reference_hHBB,PSU,1.0,1,4,,,,,,nts-Eukaryote Total RNA Nano_2020-12-10_07-39-50_Sample4.csv,[ 23.77029983 879.71161646],779.7116164596414,979.7116164596414,83.91267593046847,573.9787840398533,1608.4071845938918,1034.4284005540385,12.327439079778415,0.1485818661303225,1300.939229064773,0.6887169130011547
3,hHBB_10383581_START_reference_hHBB,PSU,1.5,1,5,,,,,,nts-Eukaryote Total RNA Nano_2020-12-10_07-39-50_Sample5.csv,[ 23.77029983 879.71161646],779.7116164596414,979.7116164596414,87.91243614764123,534.2550402967806,1128.173388795347,593.9183484985663,6.755794453257244,0.07627047441757452,1357.002275909637,0.5782774422909028
4,hHBB_10383581_START_reference_hHBB,PSU,2.0,1,6,,,,,,nts-Eukaryote Total RNA Nano_2020-12-10_07-39-50_Sample6.csv,[ 23.77029983 879.71161646],779.7116164596414,979.7116164596414,86.82443451438152,584.3051925444456,1005.8171723160657,421.5119797716201,4.854762166078965,0.0554175039677249,1574.8550723975995,0.5038237688921791
5,hHBB_10383581_START_reference_hHBB,PSU,3.0,1,7,,,,,,nts-Eukaryote Total RNA Nano_2020-12-10_07-39-50_Sample7.csv,[ 23.77029983 879.71161646],779.7116164596414,979.7116164596414,78.39780094557199,568.0874700580616,770.0314254751197,201.94395541705808,2.575888009374887,0.03167025451779665,1693.497875373248,0.40625431652210314
6,hHBB_10383581_START_reference_hHBB,PSU,4.0,1,8,,,,,,nts-Eukaryote Total RNA Nano_2020-12-10_07-39-50_Sample8.csv,[ 23.77029983 879.71161646],779.7116164596414,979.7116164596414,78.76554675327887,516.2719420575415,496.95488305053743,-19.317059007004104,-0.24524757083845125,-0.0030191891887253737,1540.8397602117566,0.3266168047686998
7,hHBB_10383581_START_reference_hHBB,PSU,5.0,1,9,,,,,,nts-Eukaryote Total RNA Nano_2020-12-10_07-39-50_Sample9.csv,[ 23.77029983 879.71161646],779.7116164596414,979.7116164596414,71.71109279255194,399.7912225904741,353.5820329816692,-46.20918960880488,-0.644379939132712,-0.009018632136922203,1305.6110924649997,0.2807539294484003
8,hHBB_10383581_START_reference_hHBB,PSU,18.0,1,10,,,,,,nts-Eukaryote Total RNA Nano_2020-12-10_07-39-50_Sample10.csv,[ 23.77029983 879.71161646],779.7116164596414,979.7116164596414,73.39185061683645,58.85007112253476,61.00691719696529,2.1568460744305327,0.02938808677397953,0.0003957953282338871,546.3995647831471,0.11121357072755932
9,hHBB_10383581_START_reference_hHBB,PSU,24.0,1,11,,,,,,nts-Eukaryote Total RNA Nano_2020-12-10_07-39-50_Sample11.csv,[ 23.77029983 879.71161646],779.7116164596414,979.7116164596414,75.21842770033284,28.660005591953404,32.10322119600779,3.4432156040543838,0.045776224115877756,0.0006017180204991896,438.9720285634086,0.07256355114168732
10,hHBB_10383601_LinearDesign-beamsize50-USETHISONE_hHBB,PSU,0.0,2,2,,,,,,nts-Eukaryote Total RNA Nano_2020-12-10_07-47-43_Sample2.csv,[ 25.         844.32245225],744.3224522531091,944.3224522531091,352.921061425492,255.56273353745226,1790.6266896070604,1535.0639560696081,4.349595770423262,0.007740316424427462,404.92744769031015,0.9230075381450802
11,hHBB_10383601_LinearDesign-beamsize50-USETHISONE_hHBB,PSU,0.5,2,3,,,,,,nts-Eukaryote Total RNA Nano_2020-12-10_07-47-43_Sample3.csv,[ 25.         844.32245225],744.3224522531091,944.3224522531091,370.65972811244217,288.1325593151165,1947.7160185466525,1659.583459231536,4.477377317689312,0.007482563715572026,680.8789602004099,0.8321928189812093
12,hHBB_10383601_LinearDesign-beamsize50-USETHISONE_hHBB,PSU,1.0,2,4,,,,,,nts-Eukaryote Total RNA Nano_2020-12-10_07-47-43_Sample4.csv,[ 25.         844.32245225],744.3224522531091,944.3224522531091,373.46115256047835,300.43426015552666,1397.7483666996343,1097.3141065441077,2.9382282441449075,0.004939419753793892,699.7810197697852,0.7777820696484901
13,hHBB_10383601_LinearDesign-beamsize50-USETHISONE_hHBB,PSU,1.5,2,5,,,,,,nts-Eukaryote Total RNA Nano_2020-12-10_07-47-43_Sample5.csv,[ 25.         844.32245225],744.3224522531091,944.3224522531091,382.22366338594463,327.70125015518465,1498.9548415757836,1171.253591420599,3.064314702666494,0.005017450455499468,885.7430545691975,0.7287103965376223
14,hHBB_10383601_LinearDesign-beamsize50-USETHISONE_hHBB,PSU,2.0,2,6,,,,,,nts-Eukaryote Total RNA Nano_2020-12-10_07-47-43_Sample6.csv,[ 25.         844.32245225],744.3224522531091,944.3224522531091,399.4687931471294,287.0484639768463,1260.7552833659547,973.7068193891084,2.437504095671573,0.0037971525716151,932.2211457126225,0.6614915707470931
15,hHBB_10383601_LinearDesign-beamsize50-USETHISONE_hHBB,PSU,3.0,2,7,,,,,,nts-Eukaryote Total RNA Nano_2020-12-10_07-47-43_Sample7.csv,[ 25.         844.32245225],744.3224522531091,944.3224522531091,378.17783889051265,343.68820448993677,1212.378201114053,868.6899966241161,2.2970409878396207,0.003802924046867457,1295.182170748088,0.5602818037935943
16,hHBB_10383601_LinearDesign-beamsize50-USETHISONE_hHBB,PSU,4.0,2,8,,,,,,nts-Eukaryote Total RNA Nano_2020-12-10_07-47-43_Sample8.csv,[ 25.         844.32245225],744.3224522531091,944.3224522531091,379.90786231707,203.09748990798897,651.4703486268825,448.3728587188935,1.1802147393956348,0.0019275026282590958,835.7569380321656,0.507324376612979
17,hHBB_10383601_LinearDesign-beamsize50-USETHISONE_hHBB,PSU,5.0,2,9,,,,,,nts-Eukaryote Total RNA Nano_2020-12-10_07-47-43_Sample9.csv,[ 25.         844.32245225],744.3224522531091,944.3224522531091,392.8794116025759,332.5835650358732,925.1052368798688,592.5216718439956,1.5081514946967274,0.0023774064539095444,1405.1417147441387,0.4630936538612154
18,hHBB_10383601_LinearDesign-beamsize50-USETHISONE_hHBB,PSU,18.0,2,10,,,,,,nts-Eukaryote Total RNA Nano_2020-12-10_07-47-43_Sample10.csv,[ 25.         844.32245225],744.3224522531091,944.3224522531091,384.12613014820937,148.00535663830598,179.72916494808499,31.723808309779002,0.08258695730368262,0.0001342044356393463,1185.4604823084753,0.1476597803088583
19,hHBB_10383601_LinearDesign-beamsize50-USETHISONE_hHBB,PSU,24.0,2,11,,,,,,nts-Eukaryote Total RNA Nano_2020-12-10_07-47-43_Sample11.csv,[ 25.         844.32245225],744.3224522531091,944.3224522531091,390.15701051264625,94.32413518455216,94.86876786670229,0.5446326821501231,0.0013959320670273328,2.2009746869720762e-06,1162.1300586758914,0.0815952807538044
20,hHBB_10383653_GC_rich_2_hHBB,PSU,0.0,3,2,,,,,,nts-Eukaryote Total RNA Nano_2020-12-10_08-35-37_Sample2.csv,[ 25.         843.22618787],743.2261878655518,943.2261878655518,270.763315105614,525.9833228800098,3101.7821292075123,2575.7988063275025,9.513101157454752,0.021725401976613382,786.3295886832029,0.9225650435630183
21,hHBB_10383653_GC_rich_2_hHBB,PSU,0.5,3,3,,,,,,nts-Eukaryote Total RNA Nano_2020-12-10_08-35-37_Sample3.csv,[ 25.         843.22618787],743.2261878655518,943.2261878655518,261.66343941758026,459.1915592326998,1888.886210015978,1429.6946507832781,5.463868601458206,0.012931113322295526,822.937630041471,0.8385239908416858
22,hHBB_10383653_GC_rich_2_hHBB,PSU,1.0,3,4,,,,,,nts-Eukaryote Total RNA Nano_2020-12-10_08-35-37_Sample4.csv,[ 25.         843.22618787],743.2261878655518,943.2261878655518,265.60571120323044,536.5178961612734,1576.0429859044539,1039.5250897431806,3.913790426546134,0.009240731466686173,1106.9921711011466,0.7342326170181931
23,hHBB_10383653_GC_rich_2_hHBB,PSU,1.5,3,5,,,,,,nts-Eukaryote Total RNA Nano_2020-12-10_08-35-37_Sample5.csv,[ 25.         843.22618787],743.2261878655518,943.2261878655518,257.13070365871425,520.6426563004401,1240.4648063818572,719.8221500814171,2.7994406729303956,0.006799346367300353,1240.6446015453694,0.6327395276418358
24,hHBB_10383653_GC_rich_2_hHBB,PSU,2.0,3,6,,,,,,nts-Eukaryote Total RNA Nano_2020-12-10_08-35-37_Sample6.csv,[ 25.         843.22618787],743.2261878655518,943.2261878655518,247.2469673655921,559.413034099243,1224.9580604021965,665.5450263029535,2.6918228093728014,0.0067588571756310575,1482.71697284004,0.570208876240826
25,hHBB_10383653_GC_rich_2_hHBB,PSU,3.0,3,7,,,,,,nts-Eukaryote Total RNA Nano_2020-12-10_08-35-37_Sample7.csv,[ 25.         843.22618787],743.2261878655518,943.2261878655518,227.88864306063812,479.3302979186049,775.3336330440578,296.0033351254529,1.2988946318254675,0.0035699605980971613,1403.7818163586792,0.4561362548479091
26,hHBB_10383653_GC_rich_2_hHBB,PSU,4.0,3,8,,,,,,nts-Eukaryote Total RNA Nano_2020-12-10_08-35-37_Sample8.csv,[ 25.         843.22618787],743.2261878655518,943.2261878655518,221.83661138582065,503.18867814655175,741.8397416480061,238.65106350145436,1.0757965604081008,0.0030640980847450976,1675.9613975197426,0.3874620878902726
27,hHBB_10383653_GC_rich_2_hHBB,PSU,5.0,3,9,,,,,,nts-Eukaryote Total RNA Nano_2020-12-10_08-35-37_Sample9.csv,[ 25.         843.22618787],743.2261878655518,943.2261878655518,212.2697040789632,386.3221456733275,507.70208075775076,121.37993508442327,0.5718194012239758,0.0017002063220279283,1382.3377726691242,0.3376312443086298
28,hHBB_10383653_GC_rich_2_hHBB,PSU,18.0,3,10,,,,,,nts-Eukaryote Total RNA Nano_2020-12-10_08-35-37_Sample10.csv,[ 25.         843.22618787],743.2261878655518,943.2261878655518,212.66497219856484,50.352060421610695,44.730931297468715,-5.62112912414198,-0.02643185225112457,-7.897862562989754e-05,578.4505410468988,0.07808770004899897
29,hHBB_10383653_GC_rich_2_hHBB,PSU,24.0,3,11,,,,,,nts-Eukaryote Total RNA Nano_2020-12-10_08-35-37_Sample11.csv,[ 25.         843.22618787],743.2261878655518,943.2261878655518,215.03205969385814,39.09010538630547,38.153374672316374,-0.9367307139890926,-0.004356237462091556,-1.2774101562093127e-05,515.7138309696356,0.07411630131443064
30,hHBB_10383651_GC_rich_1_hHBB,PSU,0.0,4,2,,,,,,nts-Eukaryote Total RNA Nano_2020-12-10_08-43-35_Sample2.csv,[ 25.         838.24889924],738.2488992428263,938.2488992428263,328.5007245073502,643.5404100725714,3406.4091911251576,2762.868781052586,8.41054090579568,0.017545714203208187,866.3239960589376,0.9386134604390788
31,hHBB_10383651_GC_rich_1_hHBB,PSU,0.5,4,3,,,,,,nts-Eukaryote Total RNA Nano_2020-12-10_08-43-35_Sample3.csv,[ 25.         838.24889924],738.2488992428263,938.2488992428263,343.8084333957268,817.3559127954678,3477.806754507853,2660.450841712385,7.738177959847136,0.015268341025253696,1599.163092507024,0.8164605544575425
32,hHBB_10383651_GC_rich_1_hHBB,PSU,1.0,4,4,,,,,,nts-Eukaryote Total RNA Nano_2020-12-10_08-43-35_Sample4.csv,[ 25.         838.24889924],738.2488992428263,938.2488992428263,344.8613623584957,829.2617203397217,2173.973712667423,1344.7119923277014,3.8992828397221992,0.007663226633323657,1739.5199356419816,0.7048671317330298
33,hHBB_10383651_GC_rich_1_hHBB,PSU,1.5,4,5,,,,,,nts-Eukaryote Total RNA Nano_2020-12-10_08-43-35_Sample5.csv,[ 25.         838.24889924],738.2488992428263,938.2488992428263,335.6051396646144,694.8485041146143,1729.3997370632064,1034.551232948592,3.0826441871017427,0.005959558964107055,1708.7019841266472,0.6304192869614246
34,hHBB_10383651_GC_rich_1_hHBB,PSU,2.0,4,6,,,,,,nts-Eukaryote Total RNA Nano_2020-12-10_08-43-35_Sample6.csv,[ 25.         838.24889924],738.2488992428263,938.2488992428263,351.40504371434304,746.8131127230944,1726.9435628013753,980.1304500782809,2.7891758175076973,0.005201277276285083,2147.8493292950243,0.5520955008051142
35,hHBB_10383651_GC_rich_1_hHBB,PSU,3.0,4,7,,,,,,nts-Eukaryote Total RNA Nano_2020-12-10_08-43-35_Sample7.csv,[ 25.         838.24889924],738.2488992428263,938.2488992428263,343.7045727636927,624.3848045534673,988.9833905635925,364.59858601012513,1.0607906175888957,0.002045251700046921,1892.416045146144,0.43818209102921774
36,hHBB_10383651_GC_rich_1_hHBB,PSU,4.0,4,8,,,,,,nts-Eukaryote Total RNA Nano_2020-12-10_08-43-35_Sample8.csv,[ 25.         838.24889924],738.2488992428263,938.2488992428263,352.62728892658686,631.0571884731072,915.5970653093399,284.5398768362327,0.8069139450392075,0.0015410860134617635,2255.8497831251207,0.36041599434130467
37,hHBB_10383651_GC_rich_1_hHBB,PSU,5.0,4,9,,,,,,nts-Eukaryote Total RNA Nano_2020-12-10_08-43-35_Sample9.csv,[ 25.         838.24889924],738.2488992428263,938.2488992428263,373.4100059156077,609.5520813263872,864.2956580880091,254.74357676162185,0.6822087590743217,0.0012149903685235162,2468.1528934104463,0.31741774524148236
38,hHBB_10383651_GC_rich_1_hHBB,PSU,18.0,4,10,,,,,,nts-Eukaryote Total RNA Nano_2020-12-10_08-43-35_Sample10.csv,[ 25.         838.24889924],738.2488992428263,938.2488992428263,356.4680421127767,103.17098372196926,83.43887721924644,-19.73210650272283,-0.05535448952386069,-9.902055786791816e-05,1119.554471493885,0.07586577603367516
39,hHBB_10383651_GC_rich_1_hHBB,PSU,24.0,4,11,,,,,,nts-Eukaryote Total RNA Nano_2020-12-10_08-43-35_Sample11.csv,[ 25.         838.24889924],738.2488992428263,938.2488992428263,366.4230384119025,55.91883726167627,58.44181442582583,2.522977164149559,0.0068854217657390755,1.2589937077520471e-05,868.364564663932,0.06710604023930634
40,hHBB_10388774_Twist_1_hHBB,PSU,0.0,5,2,,,,,,nts-Eukaryote Total RNA Nano_2020-12-10_11-51-15_Sample2.csv,[ 23.44625476 875.9381187 ],775.9381187008693,975.9381187008693,98.95952713572888,339.26088427769247,1924.9030125677261,1585.6421282900337,16.023137682491463,0.16010458466182892,566.7631238743006,0.8943032501115461
41,hHBB_10388774_Twist_1_hHBB,PSU,0.5,5,3,,,,,,nts-Eukaryote Total RNA Nano_2020-12-10_11-51-15_Sample3.csv,[ 23.44625476 875.9381187 ],775.9381187008693,975.9381187008693,97.53590779736356,445.3435502201149,2095.7289855712734,1650.3854353511585,16.920798428204808,0.17377175660239022,994.7514743655954,0.7922950898581986
42,hHBB_10388774_Twist_1_hHBB,PSU,1.0,5,4,,,,,,nts-Eukaryote Total RNA Nano_2020-12-10_11-51-15_Sample4.csv,[ 23.44625476 875.9381187 ],775.9381187008693,975.9381187008693,99.65738262053112,424.7599735488472,1425.0275159747964,1000.2675424259492,10.037064150427296,0.10327386309085561,1007.4558215116879,0.7097728410053308
43,hHBB_10388774_Twist_1_hHBB,PSU,1.5,5,5,,,,,,nts-Eukaryote Total RNA Nano_2020-12-10_11-51-15_Sample5.csv,[ 23.44625476 875.9381187 ],775.9381187008693,975.9381187008693,106.9313388054282,458.8996741812377,1083.2980839086272,624.3984097273894,5.839246162096054,0.05367782131664128,1303.2068497907173,0.5619916622241667
44,hHBB_10388774_Twist_1_hHBB,PSU,2.0,5,6,,,,,,nts-Eukaryote Total RNA Nano_2020-12-10_11-51-15_Sample6.csv,[ 23.44625476 875.9381187 ],775.9381187008693,975.9381187008693,103.30833819854645,527.5872063221423,1105.880616705347,578.2934103832047,5.597741871249472,0.05352486998923647,1562.851845631096,0.5164902351202093
45,hHBB_10388774_Twist_1_hHBB,PSU,3.0,5,7,,,,,,nts-Eukaryote Total RNA Nano_2020-12-10_11-51-15_Sample7.csv,[ 23.44625476 875.9381187 ],775.9381187008693,975.9381187008693,93.95521771663509,391.97434059411347,600.7784301076858,208.80408951357236,2.2223788586528164,0.02325187025639992,1289.9424028397575,0.4008539357208732
46,hHBB_10388774_Twist_1_hHBB,PSU,4.0,5,8,,,,,,nts-Eukaryote Total RNA Nano_2020-12-10_11-51-15_Sample8.csv,[ 23.44625476 875.9381187 ],775.9381187008693,975.9381187008693,90.10182461571198,460.03656663920447,668.1634994528208,208.12693281361635,2.3099080812323876,0.025611897870860746,1797.8449698428026,0.3330871676557392
47,hHBB_10388774_Twist_1_hHBB,PSU,5.0,5,9,,,,,,nts-Eukaryote Total RNA Nano_2020-12-10_11-51-15_Sample9.csv,[ 23.44625476 875.9381187 ],775.9381187008693,975.9381187008693,93.47198862697007,341.8405031225615,410.1485667996256,68.30806367706413,0.7307864599914456,0.007590255471981221,1440.8552771296295,0.27177215064102256
48,hHBB_10388774_Twist_1_hHBB,PSU,18.0,5,10,,,,,,nts-Eukaryote Total RNA Nano_2020-12-10_11-51-15_Sample10.csv,[ 23.44625476 875.9381187 ],775.9381187008693,975.9381187008693,92.23289718046894,67.70086355273028,69.13776524629918,1.436901693568899,0.015579058421610273,0.00016643984075277032,634.2849463910247,0.10875474148734814
49,hHBB_10388774_Twist_1_hHBB,PSU,24.0,5,11,,,,,,nts-Eukaryote Total RNA Nano_2020-12-10_11-51-15_Sample11.csv,[ 23.44625476 875.9381187 ],775.9381187008693,975.9381187008693,92.14971164901496,41.06130964047299,43.77568618587523,2.7143765454022386,0.02945615886179774,0.0003161573009297375,507.76161790079396,0.08575464206375949
50,hHBB_10388767_Genewiz_1_hHBB,PSU,0.0,6,2,,,,,,nts-Eukaryote Total RNA Nano_2020-12-10_11-57-22_Sample2.csv,[ 23.41923142 869.45327336],769.4532733591345,969.4532733591345,130.25096305567806,392.8196820988886,3016.254920588365,2623.4352384894764,20.14138841620728,0.15566699516532562,532.545530526631,0.9557266477034642
51,hHBB_10388767_Genewiz_1_hHBB,PSU,0.5,6,3,,,,,,nts-Eukaryote Total RNA Nano_2020-12-10_11-57-22_Sample3.csv,[ 23.41923142 869.45327336],769.4532733591345,969.4532733591345,135.63834393842268,559.7211152033575,2963.0246142708347,2403.3034990674773,17.718466838245483,0.12875068705501394,1121.1466932516837,0.8407054866963812
52,hHBB_10388767_Genewiz_1_hHBB,PSU,1.0,6,4,,,,,,nts-Eukaryote Total RNA Nano_2020-12-10_11-57-22_Sample4.csv,[ 23.41923142 869.45327336],769.4532733591345,969.4532733591345,136.32389041898173,606.9240325850574,2110.086823886298,1503.1627913012408,11.02640767279585,0.08012626678282915,1312.1250796037043,0.7495101462601168
53,hHBB_10388767_Genewiz_1_hHBB,PSU,1.5,6,5,,,,,,nts-Eukaryote Total RNA Nano_2020-12-10_11-57-22_Sample5.csv,[ 23.41923142 869.45327336],769.4532733591345,969.4532733591345,142.15454946134656,632.5413706219827,1696.2619179913781,1063.7205473693955,7.482845616971501,0.051836489505684896,1521.7715241258322,0.6560692785301814
54,hHBB_10388767_Genewiz_1_hHBB,PSU,2.0,6,6,,,,,,nts-Eukaryote Total RNA Nano_2020-12-10_11-57-22_Sample6.csv,[ 23.41923142 869.45327336],769.4532733591345,969.4532733591345,141.41848722442637,645.3150028827538,1542.6560640636162,897.3410611808624,6.345288220745937,0.044924013119864874,1731.2859688493893,0.5868676105205624
55,hHBB_10388767_Genewiz_1_hHBB,PSU,3.0,6,7,,,,,,nts-Eukaryote Total RNA Nano_2020-12-10_11-57-22_Sample7.csv,[ 23.41923142 869.45327336],769.4532733591345,969.4532733591345,136.55633698543014,578.3109505032103,1051.1459924245373,472.83504192132705,3.462563893843873,0.025072130470385912,1838.63374091674,0.4547524068804077
56,hHBB_10388767_Genewiz_1_hHBB,PSU,4.0,6,8,,,,,,nts-Eukaryote Total RNA Nano_2020-12-10_11-57-22_Sample8.csv,[ 23.41923142 869.45327336],769.4532733591345,969.4532733591345,139.07944532964552,447.55255565115533,665.1493942848336,217.59683863367832,1.5645506646789624,0.01117309800839954,1512.255883563617,0.38451215282648277
57,hHBB_10388767_Genewiz_1_hHBB,PSU,5.0,6,9,,,,,,nts-Eukaryote Total RNA Nano_2020-12-10_11-57-22_Sample9.csv,[ 23.41923142 869.45327336],769.4532733591345,969.4532733591345,138.02103295967154,334.05725737273076,420.81538251879886,86.7581251460681,0.6285862617143143,0.004530780427046847,1182.9688404712042,0.3314219465396809
58,hHBB_10388767_Genewiz_1_hHBB,PSU,18.0,6,10,,,,,,nts-Eukaryote Total RNA Nano_2020-12-10_11-57-22_Sample10.csv,[ 23.41923142 869.45327336],769.4532733591345,969.4532733591345,133.74497742939772,76.32830571936354,71.27225771609542,-5.056048003268117,-0.03780364766173848,-0.00027966604320219283,1005.6430737740062,0.07123044361003522
59,hHBB_10388767_Genewiz_1_hHBB,PSU,24.0,6,11,,,,,,nts-Eukaryote Total RNA Nano_2020-12-10_11-57-22_Sample11.csv,[ 23.41923142 869.45327336],769.4532733591345,969.4532733591345,130.72646120072616,27.044538083778026,32.77606038399234,5.731522300214312,0.04384362773665042,0.0003352664936904401,642.081194105477,0.050594962948313595
60,hHBB_10388753_IDT_1_hHBB,PSU,0.0,7,2,,,,,,nts-Eukaryote Total RNA Nano_2020-12-10_12-26-54_Sample2.csv,[ 23.15240867 884.42086714],784.4208671400293,984.4208671400293,130.533339346944,505.66065786693514,2119.745972962949,1614.0853150960138,12.36531083301212,0.09455436105852885,656.8021400986136,0.9334438693181628
61,hHBB_10388753_IDT_1_hHBB,PSU,0.5,7,3,,,,,,nts-Eukaryote Total RNA Nano_2020-12-10_12-26-54_Sample3.csv,[ 23.15240867 884.42086714],784.4208671400293,984.4208671400293,135.351092895756,606.2118305087733,2059.7200938811966,1453.5082633724232,10.738799608303706,0.07927602903627577,1137.9387724649491,0.7948146596851595
62,hHBB_10388753_IDT_1_hHBB,PSU,1.0,7,4,,,,,,nts-Eukaryote Total RNA Nano_2020-12-10_12-26-54_Sample4.csv,[ 23.15240867 884.42086714],784.4208671400293,984.4208671400293,136.42349015787389,669.0073599085114,1410.9410551703047,741.9336952617933,5.438460007167405,0.04024627418808813,1325.7923155788735,0.6823636438159736
63,hHBB_10388753_IDT_1_hHBB,PSU,1.5,7,5,,,,,,nts-Eukaryote Total RNA Nano_2020-12-10_12-26-54_Sample5.csv,[ 23.15240867 884.42086714],784.4208671400293,984.4208671400293,145.74882015244165,664.109607141592,1464.4604558843096,800.3508487427175,5.491302419502363,0.03733272130608017,1748.4210614835015,0.574574935485039
64,hHBB_10388753_IDT_1_hHBB,PSU,2.0,7,6,,,,,,nts-Eukaryote Total RNA Nano_2020-12-10_12-26-54_Sample6.csv,[ 23.15240867 884.42086714],784.4208671400293,984.4208671400293,148.6127232235839,606.3169453891034,1088.4973602337066,482.1804148446032,3.244543296062044,0.021691099792376274,1633.3419734173467,0.5145288777246094
65,hHBB_10388753_IDT_1_hHBB,PSU,3.0,7,7,,,,,,nts-Eukaryote Total RNA Nano_2020-12-10_12-26-54_Sample7.csv,[ 23.15240867 884.42086714],784.4208671400293,984.4208671400293,135.60725361015173,496.973443587532,748.3855321076585,251.41208852012647,1.8539722752803058,0.013576737402515176,1611.1773534325898,0.4017984399842083
66,hHBB_10388753_IDT_1_hHBB,PSU,4.0,7,8,,,,,,nts-Eukaryote Total RNA Nano_2020-12-10_12-26-54_Sample8.csv,[ 23.15240867 884.42086714],784.4208671400293,984.4208671400293,139.09967806444382,463.9198191942359,726.0962086259022,262.17638943166634,1.8848094623928748,0.01350923578206487,1812.8190368559144,0.3499266549830313
67,hHBB_10388753_IDT_1_hHBB,PSU,5.0,7,9,,,,,,nts-Eukaryote Total RNA Nano_2020-12-10_12-26-54_Sample9.csv,[ 23.15240867 884.42086714],784.4208671400293,984.4208671400293,137.24275603895552,494.879655280768,620.3360454539406,125.45639017317262,0.9141203061935202,0.006605760923856824,1787.212177414387,0.32433013014710005
68,hHBB_10388753_IDT_1_hHBB,PSU,18.0,7,10,,,,,,nts-Eukaryote Total RNA Nano_2020-12-10_12-26-54_Sample10.csv,[ 23.15240867 884.42086714],784.4208671400293,984.4208671400293,133.98433851662932,61.36640750865317,47.730353622357605,-13.636053886295564,-0.10177349112040539,-0.0007534423453438051,824.6081800847355,0.05885572645523735
69,hHBB_10388753_IDT_1_hHBB,PSU,24.0,7,11,,,,,,nts-Eukaryote Total RNA Nano_2020-12-10_12-26-54_Sample11.csv,[ 23.15240867 884.42086714],784.4208671400293,984.4208671400293,141.1877031520071,54.796307028506234,61.98258076122911,7.186273732722874,0.05089872256782808,0.0003478180964955418,735.0136689346175,0.08351197190675366
70,hHBB_10405622_Eli_Fisker_s_Yellowstone_hHBB,PSU,0.0,8,2,,,,,,nts-Eukaryote Total RNA Nano_2020-12-10_12-35-05_Sample2.csv,[ 23.31495775 838.72005692],738.7200569229635,938.7200569229635,133.04941977041315,435.75862118908685,3254.6459073255496,2818.8872861364625,21.18676872849702,0.15769355536277765,766.5124123753912,0.9077498134103191
71,hHBB_10405622_Eli_Fisker_s_Yellowstone_hHBB,PSU,0.5,8,3,,,,,,nts-Eukaryote Total RNA Nano_2020-12-10_12-35-05_Sample3.csv,[ 23.31495775 838.72005692],738.7200569229635,938.7200569229635,135.1840691552781,569.0289719306264,2697.860786657205,2128.8318147265786,15.747653018798486,0.11688296811627825,1322.809226013755,0.7816168468313692
72,hHBB_10405622_Eli_Fisker_s_Yellowstone_hHBB,PSU,1.0,8,4,,,,,,nts-Eukaryote Total RNA Nano_2020-12-10_12-35-05_Sample4.csv,[ 23.31495775 838.72005692],738.7200569229635,938.7200569229635,138.56777182653857,511.80221495324906,1773.4131306092456,1261.6109156559965,9.104648931176449,0.06535113214701777,1382.172723356557,0.6707860297038569
73,hHBB_10405622_Eli_Fisker_s_Yellowstone_hHBB,PSU,1.5,8,5,,,,,,nts-Eukaryote Total RNA Nano_2020-12-10_12-35-05_Sample5.csv,[ 23.31495775 838.72005692],738.7200569229635,938.7200569229635,144.52550768972498,497.04249348201745,1295.9329358284256,798.8904423464081,5.527677813535231,0.037960494232180654,1529.9168103403085,0.55647925964389
74,hHBB_10405622_Eli_Fisker_s_Yellowstone_hHBB,PSU,2.0,8,6,,,,,,nts-Eukaryote Total RNA Nano_2020-12-10_12-35-05_Sample6.csv,[ 23.31495775 838.72005692],738.7200569229635,938.7200569229635,153.1974889116346,484.0418899155476,1081.5566729362947,597.5147830207471,3.9002909725589427,0.025192534863286133,1568.6344095380368,0.49929925263305425
75,hHBB_10405622_Eli_Fisker_s_Yellowstone_hHBB,PSU,3.0,8,7,,,,,,nts-Eukaryote Total RNA Nano_2020-12-10_12-35-05_Sample7.csv,[ 23.31495775 838.72005692],738.7200569229635,938.7200569229635,139.0284967602662,459.5111961759126,953.0787133661229,493.5675171902103,3.550117628339847,0.02532930379730331,1939.9269650251563,0.3916502463151155
76,hHBB_10405622_Eli_Fisker_s_Yellowstone_hHBB,PSU,4.0,8,8,,,,,,nts-Eukaryote Total RNA Nano_2020-12-10_12-35-05_Sample8.csv,[ 23.31495775 838.72005692],738.7200569229635,938.7200569229635,138.79031134452154,381.1514748438721,614.8966959922269,233.7452211483548,1.6841609395062533,0.012197692279021639,1804.640690910862,0.30165862722777864
77,hHBB_10405622_Eli_Fisker_s_Yellowstone_hHBB,PSU,5.0,8,9,,,,,,nts-Eukaryote Total RNA Nano_2020-12-10_12-35-05_Sample9.csv,[ 23.31495775 838.72005692],738.7200569229635,938.7200569229635,142.77103737274246,377.83769596889056,620.264959194864,242.42726322597343,1.6980143009891524,0.011816439814769637,2062.359440719129,0.26912033036860056
78,hHBB_10405622_Eli_Fisker_s_Yellowstone_hHBB,PSU,18.0,8,10,,,,,,nts-Eukaryote Total RNA Nano_2020-12-10_12-35-05_Sample10.csv,[ 23.31495775 838.72005692],738.7200569229635,938.7200569229635,143.28861751020696,82.05861824492955,82.19520695621114,0.13658871128158978,0.0009532418810018883,6.6003940654398036e-06,1080.380162785084,0.07607027548844773
79,hHBB_10405622_Eli_Fisker_s_Yellowstone_hHBB,PSU,24.0,8,11,,,,,,nts-Eukaryote Total RNA Nano_2020-12-10_12-35-05_Sample11.csv,[ 23.31495775 838.72005692],738.7200569229635,938.7200569229635,140.0823531076733,33.43993372968029,35.31980112611014,1.8798673964298516,0.013419730285262305,9.59611254666903e-05,600.9490694927455,0.05859008910284506
80,hHBB_10415148_AB_Rhiju_Mod_3_hHBB,PSU,0.0,9,2,,,,,,nts-Eukaryote Total RNA Nano_2020-12-10_13-15-38_Sample2.csv,[ 23.33927898 858.11642096],758.1164209631751,958.1164209631751,90.67871551992353,247.01022646449195,2474.7398662027736,2227.7296397382815,24.567282707581082,0.27071075758050267,393.26369891887043,0.9441992200829818
81,hHBB_10415148_AB_Rhiju_Mod_3_hHBB,PSU,0.5,9,3,,,,,,nts-Eukaryote Total RNA Nano_2020-12-10_13-15-38_Sample3.csv,[ 23.33927898 858.11642096],758.1164209631751,958.1164209631751,93.8961480224293,344.8188692060165,2425.9052479512975,2081.086378745281,22.163703438059724,0.23582342830259692,755.4570083513754,0.8552329074135308
82,hHBB_10415148_AB_Rhiju_Mod_3_hHBB,PSU,1.0,9,4,,,,,,nts-Eukaryote Total RNA Nano_2020-12-10_13-15-38_Sample4.csv,[ 23.33927898 858.11642096],758.1164209631751,958.1164209631751,98.5566714215474,392.5485537283118,2321.001442907695,1928.4528891793832,19.56694418920652,0.19641304457933464,888.589309315814,0.8239143326101127
83,hHBB_10415148_AB_Rhiju_Mod_3_hHBB,PSU,1.5,9,5,,,,,,nts-Eukaryote Total RNA Nano_2020-12-10_13-15-38_Sample5.csv,[ 23.33927898 858.11642096],758.1164209631751,958.1164209631751,97.72361573201513,386.30963329400817,1801.6172875340442,1415.307654240036,14.482759808245293,0.14431078623738194,955.0324662945761,0.7600669928869546
84,hHBB_10415148_AB_Rhiju_Mod_3_hHBB,PSU,2.0,9,6,,,,,,nts-Eukaryote Total RNA Nano_2020-12-10_13-15-38_Sample6.csv,[ 23.33927898 858.11642096],758.1164209631751,958.1164209631751,103.62891923491098,423.653838640902,1806.4897783218664,1382.8359396809644,13.34411233746717,0.12365189559571033,1109.2182629321512,0.724899874339659
85,hHBB_10415148_AB_Rhiju_Mod_3_hHBB,PSU,3.0,9,7,,,,,,nts-Eukaryote Total RNA Nano_2020-12-10_13-15-38_Sample7.csv,[ 23.33927898 858.11642096],758.1164209631751,958.1164209631751,88.57888630007369,398.2957496827596,1462.2901147420127,1063.9943650592531,12.011828207625229,0.1386308613438175,1192.0340289416363,0.648170084485841
86,hHBB_10415148_AB_Rhiju_Mod_3_hHBB,PSU,4.0,9,8,,,,,,nts-Eukaryote Total RNA Nano_2020-12-10_13-15-38_Sample8.csv,[ 23.33927898 858.11642096],758.1164209631751,958.1164209631751,91.58490831311848,579.0767590872432,1671.688812528413,1092.6120534411698,11.930044737345288,0.12890010135106503,1568.4469064488298,0.6282043493683116
87,hHBB_10415148_AB_Rhiju_Mod_3_hHBB,PSU,5.0,9,9,,,,,,nts-Eukaryote Total RNA Nano_2020-12-10_13-15-38_Sample9.csv,[ 23.33927898 858.11642096],758.1164209631751,958.1164209631751,93.75779459814252,457.9023117896545,1177.6179931791999,719.7156813895454,7.676329039887676,0.07989412382742683,1548.7697791277465,0.5191208027009628
88,hHBB_10415148_AB_Rhiju_Mod_3_hHBB,PSU,18.0,9,10,,,,,,nts-Eukaryote Total RNA Nano_2020-12-10_13-15-38_Sample10.csv,[ 23.33927898 858.11642096],758.1164209631751,958.1164209631751,90.8236845078259,255.35478629190237,330.51376767233023,75.15898138042786,0.8275262315960296,0.008918072586229295,1264.8010611494203,0.24665942056624268
89,hHBB_10415148_AB_Rhiju_Mod_3_hHBB,PSU,24.0,9,11,,,,,,nts-Eukaryote Total RNA Nano_2020-12-10_13-15-38_Sample11.csv,[ 23.33927898 858.11642096],758.1164209631751,958.1164209631751,89.85092776783313,251.05975509164043,290.84251251995374,39.78275742831332,0.4427640138687099,0.005064573032586607,1437.3317363774972,0.1968990987087217
90,hHBB_10417205_Jill's_mod_of_Clotho_2.0_hHBB,PSU,0.0,10,2,,,,,,nts-Eukaryote Total RNA Nano_2020-12-10_13-20-33_Sample2.csv,[ 23.31260034 856.43995302],756.439953016888,956.439953016888,145.50586120657192,276.68357897589425,1947.0867139490974,1670.4031349732031,11.479971467278308,0.07846744577613457,390.5934448557391,0.9447306866034203
91,hHBB_10417205_Jill's_mod_of_Clotho_2.0_hHBB,PSU,0.5,10,3,,,,,,nts-Eukaryote Total RNA Nano_2020-12-10_13-20-33_Sample3.csv,[ 23.31260034 856.43995302],756.439953016888,956.439953016888,149.03768927255754,412.10843171463944,2390.363004711668,1978.2545729970286,13.273518816970055,0.088178333873388,780.9401823114029,0.8663263077435307
92,hHBB_10417205_Jill's_mod_of_Clotho_2.0_hHBB,PSU,1.0,10,4,,,,,,nts-Eukaryote Total RNA Nano_2020-12-10_13-20-33_Sample4.csv,[ 23.31260034 856.43995302],756.439953016888,956.439953016888,150.36187026699866,422.83696918484037,1915.3275185087653,1492.4905493239248,9.925990855751518,0.06556204313449801,900.319710390122,0.8004510640712719
93,hHBB_10417205_Jill's_mod_of_Clotho_2.0_hHBB,PSU,1.5,10,5,,,,,,nts-Eukaryote Total RNA Nano_2020-12-10_13-20-33_Sample5.csv,[ 23.31260034 856.43995302],756.439953016888,956.439953016888,151.52436029855136,420.47140582805037,1704.5089402607357,1284.0375344326853,8.474132686669797,0.05627201089989755,963.8348519733017,0.7582765599011568
94,hHBB_10417205_Jill's_mod_of_Clotho_2.0_hHBB,PSU,2.0,10,6,,,,,,nts-Eukaryote Total RNA Nano_2020-12-10_13-20-33_Sample6.csv,[ 23.31260034 856.43995302],756.439953016888,956.439953016888,156.61637928266717,415.30568266699834,1631.9645915181338,1216.6589088511355,7.768401455988607,0.04965703980230985,1024.4382606800677,0.7281989436716442
95,hHBB_10417205_Jill's_mod_of_Clotho_2.0_hHBB,PSU,3.0,10,7,,,,,,nts-Eukaryote Total RNA Nano_2020-12-10_13-20-33_Sample7.csv,[ 23.31260034 856.43995302],756.439953016888,956.439953016888,151.16529523486915,398.050414365982,1271.091694311989,873.0412799460069,5.775408162234206,0.03788311652936667,1061.385524323479,0.6570895789422242
96,hHBB_10417205_Jill's_mod_of_Clotho_2.0_hHBB,PSU,4.0,10,8,,,,,,nts-Eukaryote Total RNA Nano_2020-12-10_13-20-33_Sample8.csv,[ 23.31260034 856.43995302],756.439953016888,956.439953016888,150.6898842239181,535.0236091957073,1657.9844594153237,1122.9608502196165,7.45213161456113,0.04913424525871023,1547.519793733261,0.6208561979918173
97,hHBB_10417205_Jill's_mod_of_Clotho_2.0_hHBB,PSU,5.0,10,9,,,,,,nts-Eukaryote Total RNA Nano_2020-12-10_13-20-33_Sample9.csv,[ 23.31260034 856.43995302],756.439953016888,956.439953016888,152.49817160605076,379.12317801548056,949.7462080238039,570.6230300083233,3.7418352233259324,0.024837441314798796,1143.6338664454415,0.5540279347795055
98,hHBB_10417205_Jill's_mod_of_Clotho_2.0_hHBB,PSU,18.0,10,10,,,,,,nts-Eukaryote Total RNA Nano_2020-12-10_13-20-33_Sample10.csv,[ 23.31260034 856.43995302],756.439953016888,956.439953016888,159.1029387303587,236.67181358594985,265.92211854152555,29.2503049555757,0.18384515829181478,0.0011353888564175469,1170.808906965753,0.2215908314355395
99,hHBB_10417205_Jill's_mod_of_Clotho_2.0_hHBB,PSU,24.0,10,11,,,,,,nts-Eukaryote Total RNA Nano_2020-12-10_13-20-33_Sample11.csv,[ 23.31260034 856.43995302],756.439953016888,956.439953016888,156.9350967043149,226.3085736879609,230.95689929199784,4.648325604036955,0.02961941402307844,0.00018483878858751847,1290.6946511042947,0.17829787434282102
100,hHBB_10389218_Omei_1_DG2=158.7_5'UTR_20_unpaired_hHBB,PSU,0.0,11,2,,,,,,nts-Eukaryote Total RNA Nano_2020-12-10_15-17-25_Sample2.csv,[ 23.20677598 891.12351089],791.1235108934611,991.1235108934611,125.8309290452957,217.19090757119153,2323.8329041080656,2106.641996536874,16.741845685479603,0.1338563325304599,312.1382996106804,0.9607457559536459
101,hHBB_10389218_Omei_1_DG2=158.7_5'UTR_20_unpaired_hHBB,PSU,0.5,11,3,,,,,,nts-Eukaryote Total RNA Nano_2020-12-10_15-17-25_Sample3.csv,[ 23.20677598 891.12351089],791.1235108934611,991.1235108934611,130.26518212318132,336.6215188695838,1901.4188497994555,1564.7973309298718,12.012398903723703,0.09257291144893523,509.93278004341937,0.9164656355748688
102,hHBB_10389218_Omei_1_DG2=158.7_5'UTR_20_unpaired_hHBB,PSU,1.0,11,4,,,,,,nts-Eukaryote Total RNA Nano_2020-12-10_15-17-25_Sample4.csv,[ 23.20677598 891.12351089],791.1235108934611,991.1235108934611,134.11683907872538,418.467308323891,2198.530017105489,1780.062708781598,13.27247734892348,0.09661705943509148,892.2217360832576,0.8227155688198733
103,hHBB_10389218_Omei_1_DG2=158.7_5'UTR_20_unpaired_hHBB,PSU,1.5,11,5,,,,,,nts-Eukaryote Total RNA Nano_2020-12-10_15-17-25_Sample5.csv,[ 23.20677598 891.12351089],791.1235108934611,991.1235108934611,135.68322397289012,451.14772816393855,2050.744368274592,1599.5966401106534,11.789199823481916,0.08622329187149445,987.391408884439,0.792715052963309
104,hHBB_10389218_Omei_1_DG2=158.7_5'UTR_20_unpaired_hHBB,PSU,2.0,11,6,,,,,,nts-Eukaryote Total RNA Nano_2020-12-10_15-17-25_Sample6.csv,[ 23.20677598 891.12351089],791.1235108934611,991.1235108934611,134.65974254039344,470.4510067978503,2066.9655139172346,1596.5145071193842,11.855915338917889,0.08844392689927728,971.8776906553198,0.8047702043745836
105,hHBB_10389218_Omei_1_DG2=158.7_5'UTR_20_unpaired_hHBB,PSU,3.0,11,7,,,,,,nts-Eukaryote Total RNA Nano_2020-12-10_15-17-25_Sample7.csv,[ 23.20677598 891.12351089],791.1235108934611,991.1235108934611,122.81514111791314,527.3022825781377,1586.1547691390188,1058.852486560881,8.621514227991574,0.06907654993057935,1196.9899925698273,0.7031318825728672
106,hHBB_10389218_Omei_1_DG2=158.7_5'UTR_20_unpaired_hHBB,PSU,4.0,11,8,,,,,,nts-Eukaryote Total RNA Nano_2020-12-10_15-17-25_Sample8.csv,[ 23.20677598 891.12351089],791.1235108934611,991.1235108934611,118.00177101451091,600.2094864101393,1618.068447987928,1017.8589615777887,8.625793942131772,0.07384829496815476,1384.5216364825515,0.6735271044456242
107,hHBB_10389218_Omei_1_DG2=158.7_5'UTR_20_unpaired_hHBB,PSU,5.0,11,9,,,,,,nts-Eukaryote Total RNA Nano_2020-12-10_15-17-25_Sample9.csv,[ 23.20677598 891.12351089],791.1235108934611,991.1235108934611,115.31257225161505,568.1485091642952,1381.398948546732,813.2504393824369,7.052573917160594,0.06143551868518138,1423.5128457907385,0.6175883508566178
108,hHBB_10389218_Omei_1_DG2=158.7_5'UTR_20_unpaired_hHBB,PSU,18.0,11,10,,,,,,nts-Eukaryote Total RNA Nano_2020-12-10_15-17-25_Sample10.csv,[ 23.20677598 891.12351089],791.1235108934611,991.1235108934611,117.60330370007404,344.8848950712692,372.9158477740608,28.03095270279158,0.23835174540912096,0.0019871472420748995,1635.0735967795017,0.22422874610627788
109,hHBB_10389218_Omei_1_DG2=158.7_5'UTR_20_unpaired_hHBB,PSU,24.0,11,11,,,,,,nts-Eukaryote Total RNA Nano_2020-12-10_15-17-25_Sample11.csv,[ 23.20677598 891.12351089],791.1235108934611,991.1235108934611,119.28244959875364,235.99063545271372,228.47167966945233,-7.51895578326139,-0.06303488743359907,-0.0005097671999676996,1401.794810854908,0.1638640437173116
110,hHBB_10419549_BugacMan's_Lost_LD+finetuning_mod_Deg-2-ed_hHBB,PSU,0.0,12,2,,,,,,nts-Eukaryote Total RNA Nano_2020-12-10_15-22-13_Sample2.csv,[ 23.2875797  890.89787552],790.8978755224252,990.8978755224252,142.3360315052385,332.9667830483212,2923.8260372527648,2590.8592542044435,18.202413168369738,0.12689374079960047,578.7907240973614,0.9224444519956918
111,hHBB_10419549_BugacMan's_Lost_LD+finetuning_mod_Deg-2-ed_hHBB,PSU,0.5,12,3,,,,,,nts-Eukaryote Total RNA Nano_2020-12-10_15-22-13_Sample3.csv,[ 23.2875797  890.89787552],790.8978755224252,990.8978755224252,144.78685876987703,399.5835209963142,2650.4758456433415,2250.892324647027,15.54624738578365,0.10683055478613755,732.5702951614612,0.8883891583040776
112,hHBB_10419549_BugacMan's_Lost_LD+finetuning_mod_Deg-2-ed_hHBB,PSU,1.0,12,4,,,,,,nts-Eukaryote Total RNA Nano_2020-12-10_15-22-13_Sample4.csv,[ 23.2875797  890.89787552],790.8978755224252,990.8978755224252,144.5696124133598,419.0204239781818,2984.969973320186,2565.949549342004,17.748885858567068,0.12504962383125234,804.7363855842336,0.8855675168044119
113,hHBB_10419549_BugacMan's_Lost_LD+finetuning_mod_Deg-2-ed_hHBB,PSU,1.5,12,5,,,,,,nts-Eukaryote Total RNA Nano_2020-12-10_15-22-13_Sample5.csv,[ 23.2875797  890.89787552],790.8978755224252,990.8978755224252,152.2645697577424,545.9402640255532,2751.599830871071,2205.6595668455175,14.485704523086293,0.09465841865062452,1184.4397549767964,0.8116575857110806
114,hHBB_10419549_BugacMan's_Lost_LD+finetuning_mod_Deg-2-ed_hHBB,PSU,2.0,12,6,,,,,,nts-Eukaryote Total RNA Nano_2020-12-10_15-22-13_Sample6.csv,[ 23.2875797  890.89787552],790.8978755224252,990.8978755224252,154.58268727195846,461.44924082646185,2341.8147375986914,1880.3654967722296,12.164140305466994,0.0791963613336743,1076.1326470485315,0.7920907180318071
115,hHBB_10419549_BugacMan's_Lost_LD+finetuning_mod_Deg-2-ed_hHBB,PSU,3.0,12,7,,,,,,nts-Eukaryote Total RNA Nano_2020-12-10_15-22-13_Sample7.csv,[ 23.2875797  890.89787552],790.8978755224252,990.8978755224252,144.39841781294763,524.8795026957257,1908.8226482447926,1383.943145549067,9.584198819559187,0.0663940757378555,1361.6039254399373,0.6952430968729283
116,hHBB_10419549_BugacMan's_Lost_LD+finetuning_mod_Deg-2-ed_hHBB,PSU,4.0,12,8,,,,,,nts-Eukaryote Total RNA Nano_2020-12-10_15-22-13_Sample8.csv,[ 23.2875797  890.89787552],790.8978755224252,990.8978755224252,147.4532863185452,555.1395490273768,1721.7869469782622,1166.6473979508855,7.91197963150555,0.05322922400287714,1488.7495251850523,0.6484103871540559
117,hHBB_10419549_BugacMan's_Lost_LD+finetuning_mod_Deg-2-ed_hHBB,PSU,5.0,12,9,,,,,,nts-Eukaryote Total RNA Nano_2020-12-10_15-22-13_Sample9.csv,[ 23.2875797  890.89787552],790.8978755224252,990.8978755224252,147.54375091317536,601.6368992727681,1615.57304971296,1013.9361504401919,6.872105014036548,0.04634359279910619,1730.7014938992438,0.5886289044548128
118,hHBB_10419549_BugacMan's_Lost_LD+finetuning_mod_Deg-2-ed_hHBB,PSU,18.0,12,10,,,,,,nts-Eukaryote Total RNA Nano_2020-12-10_15-22-13_Sample10.csv,[ 23.2875797  890.89787552],790.8978755224252,990.8978755224252,144.2593467417543,301.0684857325675,334.8009157909346,33.73243005836707,0.23383185090081643,0.0016192099179079247,1703.1641121764949,0.19275812211598212
119,hHBB_10419549_BugacMan's_Lost_LD+finetuning_mod_Deg-2-ed_hHBB,PSU,24.0,12,11,,,,,,nts-Eukaryote Total RNA Nano_2020-12-10_15-22-13_Sample11.csv,[ 23.2875797  890.89787552],790.8978755224252,990.8978755224252,141.3508162961695,243.38222476471518,237.1446514625043,-6.237573302210876,-0.04412831468296168,-0.00031035997638459727,1736.4256807188708,0.13706293000509895
120,hHBB_10415488_RLT-10_hHBB,PSU,0.0,13,2,,,,,,nts-Eukaryote Total RNA Nano_2020-12-10_15-49-28_Sample2.csv,[ 23.31702844 897.3052181 ],797.3052181000035,997.3052181000035,99.21710506105507,334.2312966327436,2373.614206649821,2039.3829100170774,20.554751207083754,0.2108562408357897,395.94515869525867,0.9746589123431136
121,hHBB_10415488_RLT-10_hHBB,PSU,0.5,13,3,,,,,,nts-Eukaryote Total RNA Nano_2020-12-10_15-49-28_Sample3.csv,[ 23.31702844 897.3052181 ],797.3052181000035,997.3052181000035,99.23813554436958,541.7077864286032,2684.0203589442763,2142.3125725156733,21.587593930136272,0.21867563109275323,771.5941309816503,0.9211071705634454
122,hHBB_10415488_RLT-10_hHBB,PSU,1.0,13,4,,,,,,nts-Eukaryote Total RNA Nano_2020-12-10_15-49-28_Sample4.csv,[ 23.31702844 897.3052181 ],797.3052181000035,997.3052181000035,102.76966952214819,631.0420270921568,2755.11027797999,2124.068250887833,20.66824054961147,0.20022216436554707,1068.883961455867,0.8628723810299923
123,hHBB_10415488_RLT-10_hHBB,PSU,1.5,13,5,,,,,,nts-Eukaryote Total RNA Nano_2020-12-10_15-49-28_Sample5.csv,[ 23.31702844 897.3052181 ],797.3052181000035,997.3052181000035,100.85698193894339,668.6691975655061,2819.4915767363423,2150.822379170836,21.325468379302652,0.21115803961144156,1266.7117513362518,0.8250075841431292
124,hHBB_10415488_RLT-10_hHBB,PSU,2.0,13,6,,,,,,nts-Eukaryote Total RNA Nano_2020-12-10_15-49-28_Sample6.csv,[ 23.31702844 897.3052181 ],797.3052181000035,997.3052181000035,101.31845886730537,661.853726626804,2052.6961097669455,1390.8423831401415,13.727433270197075,0.1346658458652628,1217.5554303881158,0.7869566900879892
125,hHBB_10415488_RLT-10_hHBB,PSU,3.0,13,7,,,,,,nts-Eukaryote Total RNA Nano_2020-12-10_15-49-28_Sample7.csv,[ 23.31702844 897.3052181 ],797.3052181000035,997.3052181000035,92.62429300579232,699.3342335538435,1781.9519604978962,1082.6177269440527,11.688269802786516,0.12767904509558636,1269.9528567031975,0.7574488828876244
126,hHBB_10415488_RLT-10_hHBB,PSU,4.0,13,8,,,,,,nts-Eukaryote Total RNA Nano_2020-12-10_15-49-28_Sample8.csv,[ 23.31702844 897.3052181 ],797.3052181000035,997.3052181000035,93.65950103659058,636.2844517882381,1553.0664634892346,916.7820117009965,9.788457140539657,0.10389061059457758,1350.2187060784768,0.6850754176251267
127,hHBB_10415488_RLT-10_hHBB,PSU,5.0,13,9,,,,,,nts-Eukaryote Total RNA Nano_2020-12-10_15-49-28_Sample9.csv,[ 23.31702844 897.3052181 ],797.3052181000035,997.3052181000035,91.12162599452974,652.5914055724267,1426.740994964446,774.1495893920193,8.495783310961697,0.09298141856658867,1494.6847155878563,0.6288431869321109
128,hHBB_10415488_RLT-10_hHBB,PSU,18.0,13,10,,,,,,nts-Eukaryote Total RNA Nano_2020-12-10_15-49-28_Sample10.csv,[ 23.31702844 897.3052181 ],797.3052181000035,997.3052181000035,88.44618163854223,516.6121790487033,570.5161434297441,53.90396438104085,0.6094549632604049,0.00693254595559285,2061.6187132717732,0.2696809395882891
129,hHBB_10415488_RLT-10_hHBB,PSU,24.0,13,11,,,,,,nts-Eukaryote Total RNA Nano_2020-12-10_15-49-28_Sample11.csv,[ 23.31702844 897.3052181 ],797.3052181000035,997.3052181000035,88.80449514441887,387.7122484665854,377.57664824634514,-10.135600220240235,-0.11413386454995496,-0.0012685143410054221,2028.1875565566338,0.18709956751153442
130,hHBB_10419522_12_hHBB,PSU,0.0,14,2,,,,,,nts-Eukaryote Total RNA Nano_2020-12-10_15-52-31_Sample2.csv,[ 23.23671656 864.3017974 ],764.3017973993118,964.3017973993118,161.80903461810902,321.5308349087096,3027.175113633986,2705.6442787252763,16.721218843626122,0.1034226497208378,518.2060727775938,0.9389936825767363
131,hHBB_10419522_12_hHBB,PSU,0.5,14,3,,,,,,nts-Eukaryote Total RNA Nano_2020-12-10_15-52-31_Sample3.csv,[ 23.23671656 864.3017974 ],764.3017973993118,964.3017973993118,164.8462977747416,489.5727745019653,3077.202467652609,2587.6296931506436,15.697226617042839,0.0950380716799193,1067.114936310054,0.8419746876012751
132,hHBB_10419522_12_hHBB,PSU,1.0,14,4,,,,,,nts-Eukaryote Total RNA Nano_2020-12-10_15-52-31_Sample4.csv,[ 23.23671656 864.3017974 ],764.3017973993118,964.3017973993118,168.45605944704442,491.7186096511799,2332.969895671794,1841.2512860206139,10.930157645052992,0.06466179332023492,1276.080657411319,0.7483867416132082
133,hHBB_10419522_12_hHBB,PSU,1.5,14,5,,,,,,nts-Eukaryote Total RNA Nano_2020-12-10_15-52-31_Sample5.csv,[ 23.23671656 864.3017974 ],764.3017973993118,964.3017973993118,169.880563146971,553.5184193442509,2142.3773101457427,1588.8588908014917,9.352799763366109,0.05474024328790827,1629.5453198849937,0.6656644628515366
134,hHBB_10419522_12_hHBB,PSU,2.0,14,6,,,,,,nts-Eukaryote Total RNA Nano_2020-12-10_15-52-31_Sample6.csv,[ 23.23671656 864.3017974 ],764.3017973993118,964.3017973993118,171.90477871021815,436.50500163264667,1444.6497552445846,1008.144753611938,5.86455339505936,0.03413666504043494,1416.8968128030147,0.5957216466933698
135,hHBB_10419522_12_hHBB,PSU,3.0,14,7,,,,,,nts-Eukaryote Total RNA Nano_2020-12-10_15-52-31_Sample7.csv,[ 23.23671656 864.3017974 ],764.3017973993118,964.3017973993118,161.352234225984,431.0675313805547,1106.0857432120297,675.0182118314749,4.183507064959938,0.026051930296403358,1517.7377329909862,0.5044272007670171
136,hHBB_10419522_12_hHBB,PSU,4.0,14,8,,,,,,nts-Eukaryote Total RNA Nano_2020-12-10_15-52-31_Sample8.csv,[ 23.23671656 864.3017974 ],764.3017973993118,964.3017973993118,163.90565056842075,322.50078716943955,684.2106778085595,361.7098906391199,2.206817698991578,0.013474915516422369,1277.770730301895,0.4173338001493681
137,hHBB_10419522_12_hHBB,PSU,5.0,14,9,,,,,,nts-Eukaryote Total RNA Nano_2020-12-10_15-52-31_Sample9.csv,[ 23.23671656 864.3017974 ],764.3017973993118,964.3017973993118,168.19706721774568,382.1765961014732,692.6567503255554,310.48015422408224,1.845930843860308,0.010863941515482225,1657.0771220313948,0.3520389259741263
138,hHBB_10419522_12_hHBB,PSU,18.0,14,10,,,,,,nts-Eukaryote Total RNA Nano_2020-12-10_15-52-31_Sample10.csv,[ 23.23671656 864.3017974 ],764.3017973993118,964.3017973993118,166.05551264293618,76.06894627348788,88.2249329640353,12.155986690547422,0.07320435495981424,0.0004359835369126373,755.8787347880086,0.11487102144834292
139,hHBB_10419522_12_hHBB,PSU,24.0,14,11,,,,,,nts-Eukaryote Total RNA Nano_2020-12-10_15-52-31_Sample11.csv,[ 23.23671656 864.3017974 ],764.3017973993118,964.3017973993118,162.81557798788688,30.163584582709213,30.755007681820643,0.5914230991114309,0.0036324724355026486,2.224627106199326e-05,586.6593758652672,0.0523711636255878
140,hHBB_10409421_BugacMan's_Worm_refined_Kagglestyle_hHBB,PSU,0.0,15,2,,,,,,nts-Eukaryote Total RNA Nano_2020-12-10_16-13-55_Sample2.csv,[ 23.55414834 860.68806619],760.6880661922572,960.6880661922572,108.20453514000079,271.5008815578368,2773.9674236198994,2502.4665420620627,23.127187218393743,0.21358508387695385,452.1468693164943,0.9388596873408315
141,hHBB_10409421_BugacMan's_Worm_refined_Kagglestyle_hHBB,PSU,0.5,15,3,,,,,,nts-Eukaryote Total RNA Nano_2020-12-10_16-13-55_Sample3.csv,[ 23.55414834 860.68806619],760.6880661922572,960.6880661922572,108.457157010924,385.58670361813165,3121.6461641594897,2736.059460541358,25.227099215460505,0.2297783362260773,773.8109987871981,0.8893907055352309
142,hHBB_10409421_BugacMan's_Worm_refined_Kagglestyle_hHBB,PSU,1.0,15,4,,,,,,nts-Eukaryote Total RNA Nano_2020-12-10_16-13-55_Sample4.csv,[ 23.55414834 860.68806619],760.6880661922572,960.6880661922572,109.8773907442028,431.681527232259,2845.559623698946,2413.8780964666867,21.968833443508434,0.1992267464514863,958.4280054342621,0.8438022936574237
143,hHBB_10409421_BugacMan's_Worm_refined_Kagglestyle_hHBB,PSU,1.5,15,5,,,,,,nts-Eukaryote Total RNA Nano_2020-12-10_16-13-55_Sample5.csv,[ 23.55414834 860.68806619],760.6880661922572,960.6880661922572,115.32539971807284,501.82731586709855,2489.662845263631,1987.8355293965324,17.236753865636203,0.14750543634197655,1190.5667849235206,0.7833063907758442
144,hHBB_10409421_BugacMan's_Worm_refined_Kagglestyle_hHBB,PSU,2.0,15,6,,,,,,nts-Eukaryote Total RNA Nano_2020-12-10_16-13-55_Sample6.csv,[ 23.55414834 860.68806619],760.6880661922572,960.6880661922572,115.55066346797102,549.0872328793406,2443.0946214457013,1894.0073885663605,16.391142480037356,0.13969843086777317,1379.4280553554022,0.7463396371485287
145,hHBB_10409421_BugacMan's_Worm_refined_Kagglestyle_hHBB,PSU,3.0,15,7,,,,,,nts-Eukaryote Total RNA Nano_2020-12-10_16-13-55_Sample7.csv,[ 23.55414834 860.68806619],760.6880661922572,960.6880661922572,102.54643588801343,544.776863019892,1991.8098497448027,1447.0329867249106,14.111002242000428,0.1389306888573177,1463.7273293199632,0.6842919490022674
146,hHBB_10409421_BugacMan's_Worm_refined_Kagglestyle_hHBB,PSU,4.0,15,8,,,,,,nts-Eukaryote Total RNA Nano_2020-12-10_16-13-55_Sample8.csv,[ 23.55414834 860.68806619],760.6880661922572,960.6880661922572,104.90429435895348,664.8341151660102,1868.0786611129702,1203.24454594696,11.46992650110004,0.10783386107659768,1867.838536928748,0.6082800792753983
147,hHBB_10409421_BugacMan's_Worm_refined_Kagglestyle_hHBB,PSU,5.0,15,9,,,,,,nts-Eukaryote Total RNA Nano_2020-12-10_16-13-55_Sample9.csv,[ 23.55414834 860.68806619],760.6880661922572,960.6880661922572,104.56472947228235,569.9208558927664,1482.164222460196,912.2433665674296,8.724197644572339,0.08274237930694493,1698.8842111810984,0.5676337820836037
148,hHBB_10409421_BugacMan's_Worm_refined_Kagglestyle_hHBB,PSU,18.0,15,10,,,,,,nts-Eukaryote Total RNA Nano_2020-12-10_16-13-55_Sample10.csv,[ 23.55414834 860.68806619],760.6880661922572,960.6880661922572,106.81366689796035,305.08455958696874,336.286134530801,31.20157494383227,0.2921121973430544,0.0026718582608732397,2022.289520961329,0.1637631325508957
149,hHBB_10409421_BugacMan's_Worm_refined_Kagglestyle_hHBB,PSU,24.0,15,11,,,,,,nts-Eukaryote Total RNA Nano_2020-12-10_16-13-55_Sample11.csv,[ 23.55414834 860.68806619],760.6880661922572,960.6880661922572,99.93595436220463,199.61067148363608,185.27682440873036,-14.33384707490572,-0.14343033161973506,-0.001433059440416552,1829.2713686650243,0.10208440908004593
150,hHBB_10396597_Astros-Brourd-Eli-mod3_hHBB,PSU,0.0,16,2,,,,,,nts-Eukaryote Total RNA Nano_2020-12-10_16-18-58_Sample2.csv,[ 23.55414834 873.84745964],773.8474596400459,973.8474596400459,160.47130005879467,350.81801194173227,3235.7078956549744,2884.889883713242,17.97760647951537,0.11132248811692054,592.6157519183848,0.930468052301881
151,hHBB_10396597_Astros-Brourd-Eli-mod3_hHBB,PSU,0.5,16,3,,,,,,nts-Eukaryote Total RNA Nano_2020-12-10_16-18-58_Sample3.csv,[ 23.55414834 873.84745964],773.8474596400459,973.8474596400459,163.19051166616933,448.505828048288,2870.2402977334955,2421.7344696852074,14.839922033207596,0.09043186112426752,1072.6978480420562,0.8213752726509423
152,hHBB_10396597_Astros-Brourd-Eli-mod3_hHBB,PSU,1.0,16,4,,,,,,nts-Eukaryote Total RNA Nano_2020-12-10_16-18-58_Sample4.csv,[ 23.55414834 873.84745964],773.8474596400459,973.8474596400459,165.79647629910286,437.7185717781147,2391.662163764032,1953.9435919859172,11.785193724267891,0.07107979889697237,1261.109593689255,0.7438950541845467
153,hHBB_10396597_Astros-Brourd-Eli-mod3_hHBB,PSU,1.5,16,5,,,,,,nts-Eukaryote Total RNA Nano_2020-12-10_16-18-58_Sample5.csv,[ 23.55414834 873.84745964],773.8474596400459,973.8474596400459,168.9402105413282,452.1775760371168,1850.5175236145733,1398.3399475774565,8.277129187283554,0.04878675772905995,1446.2250062352139,0.6505450055321322
154,hHBB_10396597_Astros-Brourd-Eli-mod3_hHBB,PSU,2.0,16,6,,,,,,nts-Eukaryote Total RNA Nano_2020-12-10_16-18-58_Sample6.csv,[ 23.55414834 873.84745964],773.8474596400459,973.8474596400459,177.13238774158748,387.4519918478878,1471.5983237213,1084.1463318734122,6.120542638735481,0.03445188918667095,1340.5393997477786,0.6069233239300507
155,hHBB_10396597_Astros-Brourd-Eli-mod3_hHBB,PSU,3.0,16,7,,,,,,nts-Eukaryote Total RNA Nano_2020-12-10_16-18-58_Sample7.csv,[ 23.55414834 873.84745964],773.8474596400459,973.8474596400459,164.45670829081183,373.23345935115503,1065.8975839589896,692.6641246078345,4.211832595986196,0.025368618625194586,1562.2106703385023,0.4727081017304806
156,hHBB_10396597_Astros-Brourd-Eli-mod3_hHBB,PSU,4.0,16,8,,,,,,nts-Eukaryote Total RNA Nano_2020-12-10_16-18-58_Sample8.csv,[ 23.55414834 873.84745964],773.8474596400459,973.8474596400459,163.2723316384493,350.2316394569102,889.2377224572906,539.0060830003804,3.3012702004768144,0.020185748637680207,1645.3293366237276,0.4070976071112354
157,hHBB_10396597_Astros-Brourd-Eli-mod3_hHBB,PSU,5.0,16,9,,,,,,nts-Eukaryote Total RNA Nano_2020-12-10_16-18-58_Sample9.csv,[ 23.55414834 873.84745964],773.8474596400459,973.8474596400459,163.17607524234728,340.01576455957075,779.3300581865635,439.31429362699276,2.6922714802064465,0.01654198947916099,1777.4664479413973,0.3515593777827487
158,hHBB_10396597_Astros-Brourd-Eli-mod3_hHBB,PSU,18.0,16,10,,,,,,nts-Eukaryote Total RNA Nano_2020-12-10_16-18-58_Sample10.csv,[ 23.55414834 873.84745964],773.8474596400459,973.8474596400459,160.857542010873,65.91759759837755,73.67756894557587,7.7599713471983165,0.04824126522257681,0.00030026543649403067,1082.923602481843,0.06755173609786519
159,hHBB_10396597_Astros-Brourd-Eli-mod3_hHBB,PSU,24.0,16,11,,,,,,nts-Eukaryote Total RNA Nano_2020-12-10_16-18-58_Sample11.csv,[ 23.55414834 873.84745964],773.8474596400459,973.8474596400459,162.79031139207478,70.9915108508964,69.34702731892334,-1.6444835319730657,-0.010101851381145064,-6.122026051796187e-05,1075.9823851253532,0.06454861847103491
160,hHBB_10422723_Ribotree_Random_degscoreall_1_hHBB,PSU,0.0,17,2,,,,,,nts-Eukaryote Total RNA Nano_2020-12-11_07-40-22_Sample2.csv,[ 23.49489546 888.70757569],788.707575694556,988.707575694556,120.97373108847279,435.3899896151329,2360.54540337055,1925.1554137554172,15.913830188038725,0.13014182228051424,602.6639421740683,0.9338267775477855
161,hHBB_10422723_Ribotree_Random_degscoreall_1_hHBB,PSU,0.5,17,3,,,,,,nts-Eukaryote Total RNA Nano_2020-12-11_07-40-22_Sample3.csv,[ 23.49489546 888.70757569],788.707575694556,988.707575694556,118.97642490177226,573.7379988936839,2218.351833309908,1644.6138344162243,13.823022802828616,0.11451191090689672,934.0494785645822,0.8602719952398918
162,hHBB_10422723_Ribotree_Random_degscoreall_1_hHBB,PSU,1.0,17,4,,,,,,nts-Eukaryote Total RNA Nano_2020-12-11_07-40-22_Sample4.csv,[ 23.49489546 888.70757569],788.707575694556,988.707575694556,118.72826857274487,655.1648220434848,2094.1969378436333,1439.0321158001484,12.120383233909056,0.1011499837856124,1226.7306699043534,0.7855901316778956
163,hHBB_10422723_Ribotree_Random_degscoreall_1_hHBB,PSU,1.5,17,5,,,,,,nts-Eukaryote Total RNA Nano_2020-12-11_07-40-22_Sample5.csv,[ 23.49489546 888.70757569],788.707575694556,988.707575694556,122.8301637227652,708.183013061705,1890.6710069382639,1182.487993876559,9.627016345476042,0.07814955023746428,1322.360869229934,0.7548044254428465
164,hHBB_10422723_Ribotree_Random_degscoreall_1_hHBB,PSU,2.0,17,6,,,,,,nts-Eukaryote Total RNA Nano_2020-12-11_07-40-22_Sample6.csv,[ 23.49489546 888.70757569],788.707575694556,988.707575694556,117.46062157901203,783.1302426107565,1969.3872803258434,1186.2570377150869,10.099189173089208,0.08640010121243125,1579.324481469575,0.7121060314672809
165,hHBB_10422723_Ribotree_Random_degscoreall_1_hHBB,PSU,3.0,17,7,,,,,,nts-Eukaryote Total RNA Nano_2020-12-11_07-40-22_Sample7.csv,[ 23.49489546 888.70757569],788.707575694556,988.707575694556,118.30176131844054,817.8635871892319,1624.3387915831486,806.4752043939167,6.8171022595604045,0.0567282663487957,1915.8101307783227,0.596682048937525
166,hHBB_10422723_Ribotree_Random_degscoreall_1_hHBB,PSU,4.0,17,8,,,,,,nts-Eukaryote Total RNA Nano_2020-12-11_07-40-22_Sample8.csv,[ 23.49489546 888.70757569],788.707575694556,988.707575694556,115.56266336606215,698.1634781336604,1221.0414200436694,522.877941910009,4.524626957183518,0.038973162276199846,1727.7828786779617,0.542525736829897
167,hHBB_10422723_Ribotree_Random_degscoreall_1_hHBB,PSU,5.0,17,9,,,,,,nts-Eukaryote Total RNA Nano_2020-12-11_07-40-22_Sample9.csv,[ 23.49489546 888.70757569],788.707575694556,988.707575694556,114.46924918238142,735.1024339957961,1191.1793220073607,456.0768880115646,3.9842743030917154,0.034017563946788364,1960.661214649339,0.49288721880779524
168,hHBB_10422723_Ribotree_Random_degscoreall_1_hHBB,PSU,18.0,17,10,,,,,,nts-Eukaryote Total RNA Nano_2020-12-11_07-40-22_Sample10.csv,[ 23.49489546 888.70757569],788.707575694556,988.707575694556,107.64375082456334,236.6523134901342,243.27380011977715,6.621486629642959,0.061512968276575465,0.0005659059795557303,1443.1799994535083,0.167798007144424
169,hHBB_10422723_Ribotree_Random_degscoreall_1_hHBB,PSU,24.0,17,11,,,,,,nts-Eukaryote Total RNA Nano_2020-12-11_07-40-22_Sample11.csv,[ 23.49489546 888.70757569],788.707575694556,988.707575694556,111.11902088924737,196.23589699269326,192.09209372467527,-4.14380326801799,-0.037291574699421896,-0.0003311797148502109,1398.3420922809787,0.13777960799297004
170,hHBB_10422744_Ribotree_Random_degscore_1_hHBB,PSU,0.0,18,2,,,,,,nts-Eukaryote Total RNA Nano_2020-12-11_08-00-55_Sample2.csv,[ 23.4735484  869.08606677],769.08606676995,969.08606676995,140.99718296639648,388.0864608638352,1967.605012646878,1579.5185517830428,11.202483046483884,0.07937551215574652,557.2245619404848,0.9208430344338837
171,hHBB_10422744_Ribotree_Random_degscore_1_hHBB,PSU,0.5,18,3,,,,,,nts-Eukaryote Total RNA Nano_2020-12-11_08-00-55_Sample3.csv,[ 23.4735484  869.08606677],769.08606676995,969.08606676995,141.58549139881515,400.8636360845937,1583.0086423699563,1182.1450062853626,8.349337171529251,0.058524930981355236,734.8768898247088,0.8257645077409503
172,hHBB_10422744_Ribotree_Random_degscore_1_hHBB,PSU,1.0,18,4,,,,,,nts-Eukaryote Total RNA Nano_2020-12-11_08-00-55_Sample4.csv,[ 23.4735484  869.08606677],769.08606676995,969.08606676995,143.20073427067567,514.7607331227439,1782.6679717580598,1267.907238635316,8.854055428505964,0.061424435984874716,1129.9918080812572,0.743429117334633
173,hHBB_10422744_Ribotree_Random_degscore_1_hHBB,PSU,1.5,18,5,,,,,,nts-Eukaryote Total RNA Nano_2020-12-11_08-00-55_Sample5.csv,[ 23.4735484  869.08606677],769.08606676995,969.08606676995,145.20576350379568,593.9193006158915,1938.6054184525826,1344.6861178366912,9.260556092193552,0.06359077196101089,1517.4385572217448,0.6773308777728217
174,hHBB_10422744_Ribotree_Random_degscore_1_hHBB,PSU,2.0,18,6,,,,,,nts-Eukaryote Total RNA Nano_2020-12-11_08-00-55_Sample6.csv,[ 23.4735484  869.08606677],769.08606676995,969.08606676995,143.37591678514792,707.1929894334331,2193.699815184649,1486.5068257512162,10.367897615460626,0.07233510895071872,1979.6548994793748,0.6328902079832154
175,hHBB_10422744_Ribotree_Random_degscore_1_hHBB,PSU,3.0,18,7,,,,,,nts-Eukaryote Total RNA Nano_2020-12-11_08-00-55_Sample7.csv,[ 23.4735484  869.08606677],769.08606676995,969.08606676995,140.85200832872857,514.1924059597951,1186.3630285073805,672.1706225475854,4.772176346813846,0.033695968444657255,1679.4273923828819,0.5044922733286366
176,hHBB_10422744_Ribotree_Random_degscore_1_hHBB,PSU,4.0,18,8,,,,,,nts-Eukaryote Total RNA Nano_2020-12-11_08-00-55_Sample8.csv,[ 23.4735484  869.08606677],769.08606676995,969.08606676995,143.95500281767397,449.50598135896826,901.8502818470864,452.34430048811817,3.14226175981556,0.02181898322640678,1619.0443502704466,0.4353843888817384
177,hHBB_10422744_Ribotree_Random_degscore_1_hHBB,PSU,5.0,18,9,,,,,,nts-Eukaryote Total RNA Nano_2020-12-11_08-00-55_Sample9.csv,[ 23.4735484  869.08606677],769.08606676995,969.08606676995,144.2155087485302,553.6471498149691,1048.8984004034337,495.2512505884646,3.4341053530660033,0.023853006551929887,2139.622668064399,0.3980829568269079
178,hHBB_10422744_Ribotree_Random_degscore_1_hHBB,PSU,18.0,18,10,,,,,,nts-Eukaryote Total RNA Nano_2020-12-11_08-00-55_Sample10.csv,[ 23.4735484  869.08606677],769.08606676995,969.08606676995,140.77784448696116,177.77710052917735,179.9111325093585,2.134031980181163,0.01515886244712901,0.00010637900262995544,1460.9474887626498,0.12296726461148565
179,hHBB_10422744_Ribotree_Random_degscore_1_hHBB,PSU,24.0,18,11,,,,,,nts-Eukaryote Total RNA Nano_2020-12-11_08-00-55_Sample11.csv,[ 23.4735484  869.08606677],769.08606676995,969.08606676995,141.78582261595395,124.43774843845135,117.75569088890425,-6.682057549547096,-0.0471278258027698,-0.00032889761622736827,1188.4655216128838,0.09964235790203377
180,hHBB_10422764_Ribotree_LinearDesign_degscoreall_1_hHBB,PSU,0.0,19,2,,,,,,nts-Eukaryote Total RNA Nano_2020-12-11_08-13-41_Sample2.csv,[ 23.29037651 864.13663602],764.1366360199745,964.1366360199745,114.97682703693205,242.1187365660115,1854.1206875156156,1612.0019509496042,14.020233402612583,0.12029067401098391,462.53060083660466,0.8937534799920036
181,hHBB_10422764_Ribotree_LinearDesign_degscoreall_1_hHBB,PSU,0.5,19,3,,,,,,nts-Eukaryote Total RNA Nano_2020-12-11_08-13-41_Sample3.csv,[ 23.29037651 864.13663602],764.1366360199745,964.1366360199745,116.72915617953667,257.46155439148976,2117.138043962603,1859.6764895711135,15.931550869011817,0.13591408113097972,574.0457276992429,0.8699177042222873
182,hHBB_10422764_Ribotree_LinearDesign_degscoreall_1_hHBB,PSU,1.0,19,4,,,,,,nts-Eukaryote Total RNA Nano_2020-12-11_08-13-41_Sample4.csv,[ 23.29037651 864.13663602],764.1366360199745,964.1366360199745,120.41995098422029,361.39281651175804,1856.8461779463132,1495.453361434555,12.418651138884101,0.10172001872864876,732.368182705904,0.8334806631303694
183,hHBB_10422764_Ribotree_LinearDesign_degscoreall_1_hHBB,PSU,1.5,19,5,,,,,,nts-Eukaryote Total RNA Nano_2020-12-11_08-13-41_Sample5.csv,[ 23.29037651 864.13663602],764.1366360199745,964.1366360199745,120.95601888064662,425.0306553678756,1772.269349283148,1347.2386939152723,11.1382526176284,0.09137193728452364,934.303688267483,0.7767856355083858
184,hHBB_10422764_Ribotree_LinearDesign_degscoreall_1_hHBB,PSU,2.0,19,6,,,,,,nts-Eukaryote Total RNA Nano_2020-12-11_08-13-41_Sample6.csv,[ 23.29037651 864.13663602],764.1366360199745,964.1366360199745,120.82280763504134,532.5397461768862,2443.002656097452,1910.4629099205658,15.812104910616963,0.1297380770414578,1400.1893255862074,0.7379218601990954
185,hHBB_10422764_Ribotree_LinearDesign_degscoreall_1_hHBB,PSU,3.0,19,7,,,,,,nts-Eukaryote Total RNA Nano_2020-12-11_08-13-41_Sample7.csv,[ 23.29037651 864.13663602],764.1366360199745,964.1366360199745,111.40293427157422,470.0248584926466,1549.8340976387526,1079.809239146106,9.6928258327001,0.08589377276795751,1284.0202667898452,0.6556454658624377
186,hHBB_10422764_Ribotree_LinearDesign_degscoreall_1_hHBB,PSU,4.0,19,8,,,,,,nts-Eukaryote Total RNA Nano_2020-12-11_08-13-41_Sample8.csv,[ 23.29037651 864.13663602],764.1366360199745,964.1366360199745,109.51311014204809,417.9337817268575,1039.2711198297636,621.3373381029062,5.673634300925042,0.05187854543869971,1138.2742126056257,0.5906253112576391
187,hHBB_10422764_Ribotree_LinearDesign_degscoreall_1_hHBB,PSU,5.0,19,9,,,,,,nts-Eukaryote Total RNA Nano_2020-12-11_08-13-41_Sample9.csv,[ 23.29037651 864.13663602],764.1366360199745,964.1366360199745,104.31986187599067,577.6678792579362,1382.0534320165461,804.38555275861,7.710761290259532,0.0730091617931321,1679.735127190754,0.5563551896539575
188,hHBB_10422764_Ribotree_LinearDesign_degscoreall_1_hHBB,PSU,18.0,19,10,,,,,,nts-Eukaryote Total RNA Nano_2020-12-11_08-13-41_Sample10.csv,[ 23.29037651 864.13663602],764.1366360199745,964.1366360199745,104.8033011794539,271.4137025367089,281.5376394909549,10.123936954246005,0.09659940899104758,0.0009264687368490988,1501.0321478863561,0.18630612834454602
189,hHBB_10422764_Ribotree_LinearDesign_degscoreall_1_hHBB,PSU,24.0,19,11,,,,,,nts-Eukaryote Total RNA Nano_2020-12-11_08-13-41_Sample11.csv,[ 23.29037651 864.13663602],764.1366360199745,964.1366360199745,103.37642310332326,215.4609988988043,212.3231857503568,-3.137813148447492,-0.03035327644593867,-0.00029001740816349535,1647.1311093774652,0.12915088293692104
190,hHBB_10422784_Ribotree_LinearDesign_degscore_1_hHBB,PSU,0.0,20,2,,,,,,nts-Eukaryote Total RNA Nano_2020-12-11_08-50-00_Sample2.csv,[ 23.62262713 867.09018588],767.0901858841688,967.0901858841688,115.5402431889836,309.52646581565176,2718.4521175478485,2408.925651732197,20.849234736264435,0.1783332098416253,504.1774882707705,0.9331808682699368
191,hHBB_10422784_Ribotree_LinearDesign_degscore_1_hHBB,PSU,0.5,20,3,,,,,,nts-Eukaryote Total RNA Nano_2020-12-11_08-50-00_Sample3.csv,[ 23.62262713 867.09018588],767.0901858841688,967.0901858841688,113.20416328306563,506.8807592014024,3280.2323449979094,2773.351585796507,24.498671297642787,0.21531225329228126,954.7285282609669,0.8798717421948995
192,hHBB_10422784_Ribotree_LinearDesign_degscore_1_hHBB,PSU,1.0,20,4,,,,,,nts-Eukaryote Total RNA Nano_2020-12-11_08-50-00_Sample4.csv,[ 23.62262713 867.09018588],767.0901858841688,967.0901858841688,116.03191173368977,444.9074608264932,2630.312329672245,2185.404868845752,18.83451574823292,0.16201042314251368,953.9224788671618,0.837858572343053
193,hHBB_10422784_Ribotree_LinearDesign_degscore_1_hHBB,PSU,2.0,20,6,,,,,,nts-Eukaryote Total RNA Nano_2020-12-11_08-50-00_Sample6.csv,[ 23.62262713 867.09018588],767.0901858841688,967.0901858841688,115.20351578683366,537.3111389361263,1750.1868498486317,1212.8757109125054,10.528113683238146,0.09187398402767517,1105.528919603465,0.7549100044107143
194,hHBB_10422784_Ribotree_LinearDesign_degscore_1_hHBB,PSU,3.0,20,7,,,,,,nts-Eukaryote Total RNA Nano_2020-12-11_08-50-00_Sample7.csv,[ 23.62262713 867.09018588],767.0901858841688,967.0901858841688,98.95488223775862,1081.5297817675494,3203.345299422419,2121.81551765487,21.442251960411507,0.21707821178536693,2674.0746594311595,0.6679354991754134
195,hHBB_10422784_Ribotree_LinearDesign_degscore_1_hHBB,PSU,4.0,20,8,,,,,,nts-Eukaryote Total RNA Nano_2020-12-11_08-50-00_Sample8.csv,[ 23.62262713 867.09018588],767.0901858841688,967.0901858841688,100.46166790453167,599.2087765298961,1529.0609572944418,929.8521807645457,9.255790792247055,0.09202871430419383,1591.8755018116572,0.606354511575314
196,hHBB_10422784_Ribotree_LinearDesign_degscore_1_hHBB,PSU,5.0,20,9,,,,,,nts-Eukaryote Total RNA Nano_2020-12-11_08-50-00_Sample9.csv,[ 23.62262713 867.09018588],767.0901858841688,967.0901858841688,95.03809437358288,628.962480407496,1305.1373345641155,676.1748541566195,7.114777065064674,0.07442814263988765,1639.3077145432235,0.5636567306559158
197,hHBB_10422784_Ribotree_LinearDesign_degscore_1_hHBB,PSU,18.0,20,10,,,,,,nts-Eukaryote Total RNA Nano_2020-12-11_08-50-00_Sample10.csv,[ 23.62262713 867.09018588],767.0901858841688,967.0901858841688,96.10203066439291,231.00948001895807,244.5109218270057,13.501441808047616,0.14049070258668406,0.001460165564501015,1251.5149648607762,0.19328675939538043
198,hHBB_10422784_Ribotree_LinearDesign_degscore_1_hHBB,PSU,24.0,20,11,,,,,,nts-Eukaryote Total RNA Nano_2020-12-11_08-50-00_Sample11.csv,[ 23.62262713 867.09018588],767.0901858841688,967.0901858841688,96.9174916242269,218.02423913377734,205.39086169796013,-12.63337743581721,-0.130351882040034,-0.0013242200816731377,1351.691597992424,0.15338456427427424
199,hHBB_10422804_Ribotree_LinearDesign_sup_1_hHBB,PSU,0.0,21,2,,,,,,nts-Eukaryote Total RNA Nano_2020-12-11_09-00-11_Sample2.csv,[ 23.47300349 830.0332    ],730.0331999975779,930.0331999975779,141.24053188507594,211.86878498848154,1635.6009543930556,1423.732169404574,10.080195467990952,0.07057056488134038,399.3005263014761,0.8971868459877494
200,hHBB_10422804_Ribotree_LinearDesign_sup_1_hHBB,PSU,0.5,21,3,,,,,,nts-Eukaryote Total RNA Nano_2020-12-11_09-00-11_Sample3.csv,[ 23.47300349 830.0332    ],730.0331999975779,930.0331999975779,140.65025550404738,185.46462946176132,1732.7753728059483,1547.310743344187,11.001122876023935,0.07785638141108327,490.5073546811084,0.8503091490280992
201,hHBB_10422804_Ribotree_LinearDesign_sup_1_hHBB,PSU,1.0,21,4,,,,,,nts-Eukaryote Total RNA Nano_2020-12-11_09-00-11_Sample4.csv,[ 23.47300349 830.0332    ],730.0331999975779,930.0331999975779,141.03851509993234,191.6032116618646,1527.836000239774,1336.2327885779093,9.474240335210041,0.0681309714975545,494.86651409528645,0.8343818371888996
202,hHBB_10422804_Ribotree_LinearDesign_sup_1_hHBB,PSU,1.5,21,5,,,,,,nts-Eukaryote Total RNA Nano_2020-12-11_09-00-11_Sample5.csv,[ 23.47300349 830.0332    ],730.0331999975779,930.0331999975779,146.95897292732133,179.43602240545752,1422.7104250304371,1243.2744026249795,8.460010150178729,0.05731251127390357,593.3272107149564,0.7746429136818515
203,hHBB_10422804_Ribotree_LinearDesign_sup_1_hHBB,PSU,2.0,21,6,,,,,,nts-Eukaryote Total RNA Nano_2020-12-11_09-00-11_Sample6.csv,[ 23.47300349 830.0332    ],730.0331999975779,930.0331999975779,147.18147484269494,247.83998210128937,1625.5148888197155,1377.674906718426,9.360382535851482,0.06378995713087944,811.6780011040719,0.7424636215622412
204,hHBB_10422804_Ribotree_LinearDesign_sup_1_hHBB,PSU,3.0,21,7,,,,,,nts-Eukaryote Total RNA Nano_2020-12-11_09-00-11_Sample7.csv,[ 23.47300349 830.0332    ],730.0331999975779,930.0331999975779,152.1972740708629,280.00109861119535,1244.6271894931763,964.6260908819809,6.337998474485501,0.04115420199238832,998.6675781315923,0.6339485575372532
205,hHBB_10422804_Ribotree_LinearDesign_sup_1_hHBB,PSU,4.0,21,8,,,,,,nts-Eukaryote Total RNA Nano_2020-12-11_09-00-11_Sample8.csv,[ 23.47300349 830.0332    ],730.0331999975779,930.0331999975779,151.4757131895572,340.67355611173167,1061.7133147484171,721.0397586366855,4.760101427839946,0.03145629718112635,1125.7901423737153,0.5748841916451286
206,hHBB_10422804_Ribotree_LinearDesign_sup_1_hHBB,PSU,5.0,21,9,,,,,,nts-Eukaryote Total RNA Nano_2020-12-11_09-00-11_Sample9.csv,[ 23.47300349 830.0332    ],730.0331999975779,930.0331999975779,155.87961458743885,389.9464591136129,1037.1428317763284,647.1963726627155,4.151898722457247,0.026675036701063,1291.2973064402959,0.5350251295409123
207,hHBB_10422804_Ribotree_LinearDesign_sup_1_hHBB,PSU,18.0,21,10,,,,,,nts-Eukaryote Total RNA Nano_2020-12-11_09-00-11_Sample10.csv,[ 23.47300349 830.0332    ],730.0331999975779,930.0331999975779,151.16098988307607,115.91121726669992,138.18735195393612,22.276134687236194,0.147366954294669,0.000964396000556971,1050.6879733493552,0.12879028377454682
208,hHBB_10422804_Ribotree_LinearDesign_sup_1_hHBB,PSU,24.0,21,11,,,,,,nts-Eukaryote Total RNA Nano_2020-12-11_09-00-11_Sample11.csv,[ 23.47300349 830.0332    ],730.0331999975779,930.0331999975779,141.47320460589245,50.04977343133239,52.61506591322602,2.5652924818936285,0.018132709222498114,0.00013192437062719975,851.2629510612693,0.06162254096314186
209,hHBB_10422827_Ribotree_Random_sup_1_hHBB,PSU,0.0,22,2,,,,,,nts-Eukaryote Total RNA Nano_2020-12-11_09-26-01_Sample2.csv,[ 23.82753413 919.78530327],819.7853032668525,1019.7853032668525,61.274354700801645,414.1095490203678,2707.333406913058,2293.22385789269,37.425508095358005,0.5954497306046466,692.4652151505065,0.9067700422514453
210,hHBB_10422827_Ribotree_Random_sup_1_hHBB,PSU,0.5,22,3,,,,,,nts-Eukaryote Total RNA Nano_2020-12-11_09-26-01_Sample3.csv,[ 23.82753413 919.78530327],819.7853032668525,1019.7853032668525,59.20322938704787,378.24125616406354,1646.7754931773702,1268.5342370133067,21.42677435246174,0.3604759406258712,679.1118825005597,0.8455208965725285
211,hHBB_10422827_Ribotree_Random_sup_1_hHBB,PSU,1.0,22,4,,,,,,nts-Eukaryote Total RNA Nano_2020-12-11_09-26-01_Sample4.csv,[ 23.82753413 919.78530327],819.7853032668525,1019.7853032668525,63.05476908806465,434.6755724091164,1746.2283751507082,1311.5528027415917,20.80021577606331,0.3178759081161153,950.5599093108922,0.7719457858341205
212,hHBB_10422827_Ribotree_Random_sup_1_hHBB,PSU,1.5,22,5,,,,,,nts-Eukaryote Total RNA Nano_2020-12-11_09-26-01_Sample5.csv,[ 23.82753413 919.78530327],819.7853032668525,1019.7853032668525,60.4099583913537,409.32994434362183,1355.7150005602934,946.3850562166716,15.66604383478809,0.2566645521654409,920.3093057400737,0.7262651177342057
213,hHBB_10422827_Ribotree_Random_sup_1_hHBB,PSU,2.0,22,6,,,,,,nts-Eukaryote Total RNA Nano_2020-12-11_09-26-01_Sample6.csv,[ 23.82753413 919.78530327],819.7853032668525,1019.7853032668525,62.18160598276787,412.6295533860121,1157.1123515952056,744.4827982091936,11.972717436978211,0.18845565253855945,1051.390711630537,0.6443172891939756
214,hHBB_10422827_Ribotree_Random_sup_1_hHBB,PSU,3.0,22,7,,,,,,nts-Eukaryote Total RNA Nano_2020-12-11_09-26-01_Sample7.csv,[ 23.82753413 919.78530327],819.7853032668525,1019.7853032668525,58.45319827579839,645.5160200142553,1598.1603536455157,952.6443336312603,16.297557049597533,0.2724829961896744,1834.2340075056218,0.5734589594584026
215,hHBB_10422827_Ribotree_Random_sup_1_hHBB,PSU,4.0,22,8,,,,,,nts-Eukaryote Total RNA Nano_2020-12-11_09-26-01_Sample8.csv,[ 23.82753413 919.78530327],819.7853032668525,1019.7853032668525,57.9358748350185,911.2707283004577,1852.962439936964,941.6917116365064,16.254034556621807,0.26973916219735483,2874.132996942526,0.4855994657645018
216,hHBB_10422827_Ribotree_Random_sup_1_hHBB,PSU,5.0,22,9,,,,,,nts-Eukaryote Total RNA Nano_2020-12-11_09-26-01_Sample9.csv,[ 23.82753413 919.78530327],819.7853032668525,1019.7853032668525,57.01652786157717,653.951504978183,1166.5603571801996,512.6088522020166,8.990530841276609,0.15178584353602945,2102.5811400481207,0.4460709778781612
217,hHBB_10422827_Ribotree_Random_sup_1_hHBB,PSU,18.0,22,10,,,,,,nts-Eukaryote Total RNA Nano_2020-12-11_09-26-01_Sample10.csv,[ 23.82753413 919.78530327],819.7853032668525,1019.7853032668525,58.300502320951416,227.87070228361281,229.3692924070043,1.4985901233914944,0.02570458338663314,0.0004188235798341178,1780.7433698780203,0.12869705548107654
218,hHBB_10422827_Ribotree_Random_sup_1_hHBB,PSU,24.0,22,11,,,,,,nts-Eukaryote Total RNA Nano_2020-12-11_09-26-01_Sample11.csv,[ 23.82753413 919.78530327],819.7853032668525,1019.7853032668525,55.95275344038643,143.45544605134137,143.99753055524124,0.5420845038998721,0.009688254296143325,0.000164996764491332,1319.9845857465093,0.1090455299383959
219,hHBB_10422746_Ribotree_BT_winner_random_degscore_2_hHBB,PSU,0.0,23,2,,,,,,nts-Eukaryote Total RNA Nano_2020-12-11_09-39-16_Sample2.csv,[ 23.62186383 826.64959691],726.6495969096487,926.6495969096487,125.06890116556204,305.4548968460245,1730.7393810982126,1425.2844842521881,11.395994295699808,0.0893540973289567,621.9612057140168,0.8453989619227299
220,hHBB_10422746_Ribotree_BT_winner_random_degscore_2_hHBB,PSU,0.5,23,3,,,,,,nts-Eukaryote Total RNA Nano_2020-12-11_09-39-16_Sample3.csv,[ 23.62186383 826.64959691],726.6495969096487,926.6495969096487,123.46370690292794,383.05946268303967,1962.5009894251823,1579.4415267421427,12.79275964056354,0.10316886178730623,924.0006786516583,0.7839210288924858
221,hHBB_10422746_Ribotree_BT_winner_random_degscore_2_hHBB,PSU,1.0,23,4,,,,,,nts-Eukaryote Total RNA Nano_2020-12-11_09-39-16_Sample4.csv,[ 23.62186383 826.64959691],726.6495969096487,926.6495969096487,124.15185543465387,369.42583128115314,1430.807365147688,1061.381533866535,8.549058974194573,0.06901819345474992,958.9628836326585,0.7081997271132406
222,hHBB_10422746_Ribotree_BT_winner_random_degscore_2_hHBB,PSU,1.5,23,5,,,,,,nts-Eukaryote Total RNA Nano_2020-12-11_09-39-16_Sample5.csv,[ 23.62186383 826.64959691],726.6495969096487,926.6495969096487,127.63628842570851,555.5619966812889,2138.1407658778676,1582.5787691965788,12.39912871736104,0.09630576827288496,1902.9783105924375,0.6134287050629196
223,hHBB_10422746_Ribotree_BT_winner_random_degscore_2_hHBB,PSU,2.0,23,6,,,,,,nts-Eukaryote Total RNA Nano_2020-12-11_09-39-16_Sample6.csv,[ 23.62186383 826.64959691],726.6495969096487,926.6495969096487,131.65054670960916,540.1461529802764,1671.8231932951871,1131.6770403149108,8.596067913117977,0.06422526987437442,1889.120455527101,0.5534376917341777
224,hHBB_10422746_Ribotree_BT_winner_random_degscore_2_hHBB,PSU,3.0,23,7,,,,,,nts-Eukaryote Total RNA Nano_2020-12-11_09-39-16_Sample7.csv,[ 23.62186383 826.64959691],726.6495969096487,926.6495969096487,131.45658495341132,352.0160488964279,732.2874401625731,380.27139126614526,2.8927527015928094,0.021459268349302094,1251.7502124525145,0.44869959962172806
225,hHBB_10422746_Ribotree_BT_winner_random_degscore_2_hHBB,PSU,4.0,23,8,,,,,,nts-Eukaryote Total RNA Nano_2020-12-11_09-39-16_Sample8.csv,[ 23.62186383 826.64959691],726.6495969096487,926.6495969096487,127.05440477013566,335.9056950304162,641.4909831316155,305.5852881011993,2.4051530417545006,0.018931238628062595,1385.2490222870426,0.3793931665512035
226,hHBB_10422746_Ribotree_BT_winner_random_degscore_2_hHBB,PSU,5.0,23,9,,,,,,nts-Eukaryote Total RNA Nano_2020-12-11_09-39-16_Sample9.csv,[ 23.62186383 826.64959691],726.6495969096487,926.6495969096487,128.8993788723401,383.1465939440257,702.7206950756492,319.57410113162354,2.4792524520085135,0.01905848943174887,1851.0608357184888,0.32373969622703713
227,hHBB_10422746_Ribotree_BT_winner_random_degscore_2_hHBB,PSU,18.0,23,10,,,,,,nts-Eukaryote Total RNA Nano_2020-12-11_09-39-16_Sample10.csv,[ 23.62186383 826.64959691],726.6495969096487,926.6495969096487,129.92996001265576,95.01104433766974,90.64241419733379,-4.368630140335952,-0.033622962247586534,-0.00025258309322160325,867.3408397477141,0.1050351485114137
228,hHBB_10422746_Ribotree_BT_winner_random_degscore_2_hHBB,PSU,24.0,23,11,,,,,,nts-Eukaryote Total RNA Nano_2020-12-11_09-39-16_Sample11.csv,[ 23.62186383 826.64959691],726.6495969096487,926.6495969096487,127.41536623377574,51.21114564441791,41.955099554170964,-9.256046090246947,-0.07264466103142056,-0.0005651908953627208,587.6278602350671,0.07254001410183814
229,hHBB_10422776_RiboTree_Nullrecurrent_winner_LinearDesign_degscoreall_7_hHBB,PSU,0.0,24,2,,,,,,nts-Eukaryote Total RNA Nano_2020-12-11_09-53-14_Sample2.csv,[ 23.6014075  859.13255274],759.1325527413005,959.1325527413005,92.20114661515302,171.523302170287,1735.6982336961646,1564.1749315258776,16.96480997199236,0.18544713116360906,286.8302384136982,0.937705772995126
230,hHBB_10422776_RiboTree_Nullrecurrent_winner_LinearDesign_degscoreall_7_hHBB,PSU,0.5,24,3,,,,,,nts-Eukaryote Total RNA Nano_2020-12-11_09-53-14_Sample3.csv,[ 23.6014075  859.13255274],759.1325527413005,959.1325527413005,95.46748441310427,288.99729984627766,2046.410588837434,1757.4132889911564,18.408501070233775,0.19128452231780188,650.4070421439781,0.8499016983848963
231,hHBB_10422776_RiboTree_Nullrecurrent_winner_LinearDesign_degscoreall_7_hHBB,PSU,1.0,24,4,,,,,,nts-Eukaryote Total RNA Nano_2020-12-11_09-53-14_Sample4.csv,[ 23.6014075  859.13255274],759.1325527413005,959.1325527413005,95.85063141066571,301.9051628046428,1761.4430640741848,1459.537901269542,15.227212171574,0.1585803253762503,717.475140948744,0.8091100190559021
232,hHBB_10422776_RiboTree_Nullrecurrent_winner_LinearDesign_degscoreall_7_hHBB,PSU,1.5,24,5,,,,,,nts-Eukaryote Total RNA Nano_2020-12-11_09-53-14_Sample5.csv,[ 23.6014075  859.13255274],759.1325527413005,959.1325527413005,96.34174104029144,344.5221238418601,1519.29454560764,1174.7724217657799,12.193805188495338,0.12455628447019403,879.3385603299878,0.739636056109069
233,hHBB_10422776_RiboTree_Nullrecurrent_winner_LinearDesign_degscoreall_7_hHBB,PSU,2.0,24,6,,,,,,nts-Eukaryote Total RNA Nano_2020-12-11_09-53-14_Sample6.csv,[ 23.6014075  859.13255274],759.1325527413005,959.1325527413005,101.37250940026898,323.1022525665695,1250.2449291563971,927.1426765898276,9.14589844993388,0.09005689382889681,798.0049793324005,0.7247176349597984
234,hHBB_10422776_RiboTree_Nullrecurrent_winner_LinearDesign_degscoreall_7_hHBB,PSU,3.0,24,7,,,,,,nts-Eukaryote Total RNA Nano_2020-12-11_09-53-14_Sample7.csv,[ 23.6014075  859.13255274],759.1325527413005,959.1325527413005,91.67263314203706,532.5889935031664,1875.7611684558478,1343.1721749526814,14.651833692521716,0.15690164323202965,1563.5108444425973,0.6453270466506151
235,hHBB_10422776_RiboTree_Nullrecurrent_winner_LinearDesign_degscoreall_7_hHBB,PSU,4.0,24,8,,,,,,nts-Eukaryote Total RNA Nano_2020-12-11_09-53-14_Sample8.csv,[ 23.6014075  859.13255274],759.1325527413005,959.1325527413005,89.39382136455829,903.0528209032425,2748.8684774067674,1845.815656503525,20.648134606261838,0.22429030103292072,2707.8497419238283,0.6036606199384154
236,hHBB_10422776_RiboTree_Nullrecurrent_winner_LinearDesign_degscoreall_7_hHBB,PSU,5.0,24,9,,,,,,nts-Eukaryote Total RNA Nano_2020-12-11_09-53-14_Sample9.csv,[ 23.6014075  859.13255274],759.1325527413005,959.1325527413005,87.41885986374378,355.71361028916135,911.8743840070226,556.1607737178613,6.36202273267721,0.07079585719416605,1098.6437490239534,0.55104658675706
237,hHBB_10422776_RiboTree_Nullrecurrent_winner_LinearDesign_degscoreall_7_hHBB,PSU,18.0,24,10,,,,,,nts-Eukaryote Total RNA Nano_2020-12-11_09-53-14_Sample10.csv,[ 23.6014075  859.13255274],759.1325527413005,959.1325527413005,79.22439279075942,303.45927807334976,368.9843187863698,65.52504071302002,0.8270816399448975,0.011025852640034467,1540.631570568862,0.2297312206011352
238,hHBB_10422776_RiboTree_Nullrecurrent_winner_LinearDesign_degscoreall_7_hHBB,PSU,24.0,24,11,,,,,,nts-Eukaryote Total RNA Nano_2020-12-11_09-53-14_Sample11.csv,[ 23.6014075  859.13255274],759.1325527413005,959.1325527413005,83.58002526078076,218.2816226119058,242.2193317726624,23.93770916075661,0.28640466530211955,0.0034511445024500253,1314.1285290200644,0.18102192915499735
