Data File Name,Eukaryote Total RNA Nano_2020-12-11_09-53-14.xad
Data File Path,C:\Program Files (x86)\Agilent\2100 bioanalyzer\2100 expert\Data\2020-12-11
Date Created,"Friday, December 11, 2020 9:53:13 AM"
Date Last Modified,"Friday, December 11, 2020 10:38:58 AM"
Version Created,B.02.11.SI811
Version Last Modified,B.02.11.SI811
 
Assay Name,Eukaryote Total RNA Nano Series II
Assay Path,C:\Program Files (x86)\Agilent\2100 bioanalyzer\2100 expert\assays\RNA
Assay Title,Eukaryote Total RNA Nano
Assay Version,2.6
 
Number of Samples Run,12
 
Sample Name,Blank
 
Peak Table
Time corrected area,Area,Aligned Migration Time [s],Peak Height,Peak Width
21.9,5.3,22.50,14.7,0.8
 
Fragment Table
Name,Start Time [s],End Time [s],Area,% of total Area
 
Region Table
Name,From [s],To [s],Corr. Area,% of Total,Color
Region 1,35.73,38.13,1.1,7,16711680
 
 
Sample Name,17a_PU_24_TP1
 
Peak Table
Time corrected area,Area,Aligned Migration Time [s],Peak Height,Peak Width
21.9,5.3,22.50,15.0,0.9
0.9,0.3,34.49,0.8,0.6
36.8,14.4,36.45,35.8,2.3
1.9,0.9,41.75,1.2,1.2
 
Fragment Table
Name,Start Time [s],End Time [s],Area,% of total Area
18S,41.10,42.72,1.5,3.4
 
Region Table
Name,From [s],To [s],Corr. Area,% of Total,Color
Region 1,35.73,38.13,36.6,82,16711680
 
 
Sample Name,17a_PU_24_TP2
 
Peak Table
Time corrected area,Area,Aligned Migration Time [s],Peak Height,Peak Width
22.1,5.4,22.50,15.1,0.8
45.3,17.9,36.45,37.1,3.4
1.9,0.9,41.67,1.2,1.2
 
Fragment Table
Name,Start Time [s],End Time [s],Area,% of total Area
18S,40.89,43.66,2.3,3.6
 
Region Table
Name,From [s],To [s],Corr. Area,% of Total,Color
Region 1,35.73,38.13,43.6,68,16711680
 
 
Sample Name,17a_PU_24_TP3
 
Peak Table
Time corrected area,Area,Aligned Migration Time [s],Peak Height,Peak Width
22.6,5.5,22.50,15.4,0.8
1.7,0.6,33.24,1.0,1.0
39.3,15.6,36.41,29.7,3.5
2.0,0.9,41.69,1.1,1.0
 
Fragment Table
Name,Start Time [s],End Time [s],Area,% of total Area
18S,41.19,42.61,1.0,1.6
 
Region Table
Name,From [s],To [s],Corr. Area,% of Total,Color
Region 1,35.73,38.13,38.0,64,16711680
 
 
Sample Name,17a_PU_24_TP4
 
Peak Table
Time corrected area,Area,Aligned Migration Time [s],Peak Height,Peak Width
22.2,5.4,22.50,15.2,0.9
1.9,0.7,33.27,1.1,1.0
35.1,14.0,36.43,23.0,3.5
 
Fragment Table
Name,Start Time [s],End Time [s],Area,% of total Area
 
Region Table
Name,From [s],To [s],Corr. Area,% of Total,Color
Region 1,35.73,38.13,33.1,52,16711680
 
 
Sample Name,17a_PU_24_TP5
 
Peak Table
Time corrected area,Area,Aligned Migration Time [s],Peak Height,Peak Width
23.6,5.8,22.50,15.8,0.9
2.0,0.7,33.27,1.2,1.0
29.2,11.6,36.49,18.1,3.4
 
Fragment Table
Name,Start Time [s],End Time [s],Area,% of total Area
 
Region Table
Name,From [s],To [s],Corr. Area,% of Total,Color
Region 1,35.73,38.13,27.6,50,16711680
 
 
Sample Name,17a_PU_24_TP6
 
Peak Table
Time corrected area,Area,Aligned Migration Time [s],Peak Height,Peak Width
21.1,5.1,22.50,14.8,0.7
3.2,1.1,31.31,1.3,1.4
5.6,2.0,33.20,3.0,1.3
10.5,4.0,35.27,3.6,1.4
37.7,14.9,36.42,24.9,1.9
2.3,0.9,38.04,1.2,0.9
 
Fragment Table
Name,Start Time [s],End Time [s],Area,% of total Area
18S,37.76,38.68,0.5,0.6
 
Region Table
Name,From [s],To [s],Corr. Area,% of Total,Color
Region 1,35.73,38.13,41.1,45,16711680
 
 
Sample Name,17a_PU_24_TP7
 
Peak Table
Time corrected area,Area,Aligned Migration Time [s],Peak Height,Peak Width
19.8,4.8,22.50,13.8,0.8
5.5,1.9,31.14,2.6,1.5
10.9,3.9,33.17,6.2,1.6
20.6,7.9,35.21,6.7,1.5
58.3,23.0,36.41,34.8,2.0
2.9,1.2,38.12,1.6,0.9
 
Fragment Table
Name,Start Time [s],End Time [s],Area,% of total Area
18S,37.52,39.41,1.0,0.7
 
Region Table
Name,From [s],To [s],Corr. Area,% of Total,Color
Region 1,35.73,38.13,60.8,43,16711680
 
 
Sample Name,17a_PU_24_TP8
 
Peak Table
Time corrected area,Area,Aligned Migration Time [s],Peak Height,Peak Width
19.7,4.8,22.50,13.9,0.9
3.2,1.2,33.24,1.9,1.1
24.4,9.6,36.47,10.0,3.3
 
Fragment Table
Name,Start Time [s],End Time [s],Area,% of total Area
 
Region Table
Name,From [s],To [s],Corr. Area,% of Total,Color
Region 1,35.73,38.13,20.0,35,16711680
 
 
Sample Name,17a_PU_24_TP9
 
Peak Table
Time corrected area,Area,Aligned Migration Time [s],Peak Height,Peak Width
18.9,4.6,22.50,13.7,0.6
1.3,0.4,31.14,0.7,0.7
12.0,4.3,33.13,4.6,1.8
11.7,4.4,34.79,3.1,1.8
 
Fragment Table
Name,Start Time [s],End Time [s],Area,% of total Area
 
Region Table
Name,From [s],To [s],Corr. Area,% of Total,Color
Region 1,35.73,38.13,9.1,13,16711680
 
 
Sample Name,17a_PU_24_TP10
 
Peak Table
Time corrected area,Area,Aligned Migration Time [s],Peak Height,Peak Width
19.0,4.6,22.50,13.7,0.8
9.7,3.5,33.10,3.7,1.8
6.4,2.4,34.76,1.9,1.6
 
Fragment Table
Name,Start Time [s],End Time [s],Area,% of total Area
 
Region Table
Name,From [s],To [s],Corr. Area,% of Total,Color
Region 1,35.73,38.13,6.0,9,16711680
 
 
Sample Name,Blank
 
Peak Table
Time corrected area,Area,Aligned Migration Time [s],Peak Height,Peak Width
20.4,5.0,22.50,14.2,0.9
 
Fragment Table
Name,Start Time [s],End Time [s],Area,% of total Area
 
Region Table
Name,From [s],To [s],Corr. Area,% of Total,Color
Region 1,35.73,38.13,0.0,0,16711680
 
