Data File Name,Eukaryote Total RNA Nano_2020-12-02_15-48-34.xad
Data File Path,C:\Program Files (x86)\Agilent\2100 bioanalyzer\2100 expert\Data\2020-12-02
Date Created,"Wednesday, December 2, 2020 3:48:34 PM"
Date Last Modified,"Wednesday, December 2, 2020 4:25:46 PM"
Version Created,B.02.11.SI811
Version Last Modified,B.02.11.SI811
 
Assay Name,Eukaryote Total RNA Nano Series II
Assay Path,C:\Program Files (x86)\Agilent\2100 bioanalyzer\2100 expert\assays\RNA
Assay Title,Eukaryote Total RNA Nano
Assay Version,2.6
 
Number of Samples Run,12
 
Sample Name,17a13_TP1
 
Peak Table
Time corrected area,Area,Aligned Migration Time [s],Peak Height,Peak Width
17.2,4.1,22.50,12.6,0.7
6.4,2.1,30.14,4.4,1.1
39.4,15.6,36.89,35.6,1.8
2.6,1.2,42.58,2.2,1.3
 
Fragment Table
Name,Start Time [s],End Time [s],Area,% of total Area
18S,41.79,44.25,2.9,4.8
 
Region Table
Name,From [s],To [s],Corr. Area,% of Total,Color
Region 1,29.22,30.91,7.3,12,16711680
Region 2,36.04,37.48,38.9,64,32768
 
 
Sample Name,17a13_TP2
 
Peak Table
Time corrected area,Area,Aligned Migration Time [s],Peak Height,Peak Width
17.1,4.2,22.50,12.3,0.9
9.1,2.9,30.14,5.7,1.3
3.8,1.5,35.93,1.5,1.6
39.4,15.7,36.90,30.7,1.9
2.5,1.2,42.73,1.2,1.3
 
Fragment Table
Name,Start Time [s],End Time [s],Area,% of total Area
18S,41.67,43.61,1.9,2.4
 
Region Table
Name,From [s],To [s],Corr. Area,% of Total,Color
Region 1,29.22,30.91,10.3,13,16711680
Region 2,36.04,37.48,39.5,51,32768
 
 
Sample Name,17a13_TP3
 
Peak Table
Time corrected area,Area,Aligned Migration Time [s],Peak Height,Peak Width
16.8,4.1,22.50,12.2,0.9
9.4,3.1,30.11,5.7,1.4
2.4,0.9,34.96,1.6,0.8
4.6,1.8,35.84,2.7,0.8
28.9,11.7,36.93,19.0,1.9
1.5,0.7,42.66,1.0,0.9
 
Fragment Table
Name,Start Time [s],End Time [s],Area,% of total Area
18S,42.39,43.26,0.3,0.5
 
Region Table
Name,From [s],To [s],Corr. Area,% of Total,Color
Region 1,29.22,30.91,10.7,16,16711680
Region 2,36.04,37.48,29.3,45,32768
 
 
Sample Name,17a13_TP4
 
Peak Table
Time corrected area,Area,Aligned Migration Time [s],Peak Height,Peak Width
16.5,4.1,22.50,11.8,0.9
9.5,3.1,30.15,6.1,1.3
4.8,1.8,34.98,2.7,1.5
6.8,2.7,35.85,4.0,0.9
27.1,11.0,37.03,15.1,2.0
 
Fragment Table
Name,Start Time [s],End Time [s],Area,% of total Area
 
Region Table
Name,From [s],To [s],Corr. Area,% of Total,Color
Region 1,29.22,30.91,11.2,16,16711680
Region 2,36.04,37.48,27.8,39,32768
 
 
Sample Name,17a14_TP1
 
Peak Table
Time corrected area,Area,Aligned Migration Time [s],Peak Height,Peak Width
16.3,4.0,22.50,11.8,0.9
6.5,2.2,30.21,4.3,1.1
36.5,14.8,36.74,35.0,1.6
2.1,1.0,42.41,1.2,1.2
 
Fragment Table
Name,Start Time [s],End Time [s],Area,% of total Area
18S,41.60,44.68,2.3,3.8
 
Region Table
Name,From [s],To [s],Corr. Area,% of Total,Color
Region 1,29.22,30.91,7.7,13,16711680
Region 2,36.04,37.48,37.5,64,32768
 
 
Sample Name,17a14_TP2
 
Peak Table
Time corrected area,Area,Aligned Migration Time [s],Peak Height,Peak Width
16.7,4.1,22.50,11.9,0.9
11.2,3.7,30.12,6.6,1.4
4.4,1.6,34.11,1.4,1.8
1.9,0.8,35.47,1.3,0.7
27.8,11.3,36.70,21.9,2.0
 
Fragment Table
Name,Start Time [s],End Time [s],Area,% of total Area
 
Region Table
Name,From [s],To [s],Corr. Area,% of Total,Color
Region 1,29.22,30.91,12.4,19,16711680
Region 2,36.04,37.48,27.8,42,32768
 
 
Sample Name,17a14_TP3
 
Peak Table
Time corrected area,Area,Aligned Migration Time [s],Peak Height,Peak Width
14.2,3.5,22.50,10.5,0.7
17.7,5.9,30.09,9.4,1.5
10.5,3.9,34.00,2.9,2.0
4.4,1.7,35.27,2.5,0.8
24.7,10.0,36.73,14.8,2.1
 
Fragment Table
Name,Start Time [s],End Time [s],Area,% of total Area
 
Region Table
Name,From [s],To [s],Corr. Area,% of Total,Color
Region 1,29.22,30.91,19.4,23,16711680
Region 2,36.04,37.48,23.5,28,32768
 
 
Sample Name,17a14_TP4
 
Peak Table
Time corrected area,Area,Aligned Migration Time [s],Peak Height,Peak Width
14.0,3.4,22.50,10.5,0.8
16.3,5.4,30.12,8.7,1.5
8.6,3.2,34.09,2.4,2.0
3.7,1.4,35.37,2.1,0.8
12.7,5.1,36.88,6.8,1.9
 
Fragment Table
Name,Start Time [s],End Time [s],Area,% of total Area
 
Region Table
Name,From [s],To [s],Corr. Area,% of Total,Color
Region 1,29.22,30.91,18.0,29,16711680
Region 2,36.04,37.48,12.4,20,32768
 
 
Sample Name,17a15_TP1
 
Peak Table
Time corrected area,Area,Aligned Migration Time [s],Peak Height,Peak Width
14.2,3.5,22.50,10.6,0.7
7.8,2.6,30.21,4.7,1.2
1.3,0.5,34.09,0.7,0.8
38.7,15.6,36.69,37.7,2.7
2.4,1.1,42.40,2.1,1.2
 
Fragment Table
Name,Start Time [s],End Time [s],Area,% of total Area
18S,41.44,43.68,2.7,5.0
 
Region Table
Name,From [s],To [s],Corr. Area,% of Total,Color
Region 1,29.22,30.91,8.0,15,16711680
Region 2,36.04,37.48,36.7,68,32768
 
 
Sample Name,17a15_TP2
 
Peak Table
Time corrected area,Area,Aligned Migration Time [s],Peak Height,Peak Width
13.8,3.4,22.50,10.0,0.8
10.2,3.3,30.18,6.0,1.4
1.2,0.4,34.02,0.8,0.8
3.0,1.2,35.35,1.9,1.0
35.6,14.3,36.72,29.3,2.0
1.9,0.9,42.39,1.1,1.0
 
Fragment Table
Name,Start Time [s],End Time [s],Area,% of total Area
18S,41.71,43.40,1.4,1.8
 
Region Table
Name,From [s],To [s],Corr. Area,% of Total,Color
Region 1,29.22,30.91,12.0,16,16711680
Region 2,36.04,37.48,36.2,47,32768
 
 
Sample Name,17a15_TP3
 
Peak Table
Time corrected area,Area,Aligned Migration Time [s],Peak Height,Peak Width
12.8,3.2,22.50,9.7,0.7
5.8,1.9,30.21,3.6,1.2
0.9,0.3,33.91,0.6,0.6
3.7,1.4,35.32,2.4,1.0
15.4,6.2,36.78,9.8,1.8
 
Fragment Table
Name,Start Time [s],End Time [s],Area,% of total Area
 
Region Table
Name,From [s],To [s],Corr. Area,% of Total,Color
Region 1,29.22,30.91,8.0,16,16711680
Region 2,36.04,37.48,15.6,32,32768
 
 
Sample Name,17a15_TP4
 
Peak Table
Time corrected area,Area,Aligned Migration Time [s],Peak Height,Peak Width
13.6,3.4,22.50,10.2,1.0
2.0,0.6,28.50,1.1,0.9
12.2,4.0,30.14,6.8,1.5
2.7,1.0,33.95,1.6,0.9
11.1,4.3,35.23,5.7,1.3
22.8,9.2,36.73,11.5,2.0
 
Fragment Table
Name,Start Time [s],End Time [s],Area,% of total Area
 
Region Table
Name,From [s],To [s],Corr. Area,% of Total,Color
Region 1,29.22,30.91,12.6,18,16711680
Region 2,36.04,37.48,21.8,32,32768
 
