Data File Name,Eukaryote Total RNA Nano_2020-12-02_15-24-46.xad
Data File Path,C:\Program Files (x86)\Agilent\2100 bioanalyzer\2100 expert\Data\2020-12-02
Date Created,"Wednesday, December 2, 2020 3:24:45 PM"
Date Last Modified,"Wednesday, December 2, 2020 3:59:11 PM"
Version Created,B.02.11.SI811
Version Last Modified,B.02.11.SI811
 
Assay Name,Eukaryote Total RNA Nano Series II
Assay Path,C:\Program Files (x86)\Agilent\2100 bioanalyzer\2100 expert\assays\RNA
Assay Title,Eukaryote Total RNA Nano
Assay Version,2.6
 
Number of Samples Run,12
 
Sample Name,17a10_TP1
 
Peak Table
Time corrected area,Area,Aligned Migration Time [s],Peak Height,Peak Width
19.8,4.7,22.50,13.5,1.0
7.2,2.3,30.11,4.5,1.2
28.1,10.9,36.49,18.7,1.9
 
Fragment Table
Name,Start Time [s],End Time [s],Area,% of total Area
 
Region Table
Name,From [s],To [s],Corr. Area,% of Total,Color
Region 1,29.18,30.89,7.7,15,16711680
Region 2,36.04,37.47,28.8,56,32768
 
 
Sample Name,17a10_TP2
 
Peak Table
Time corrected area,Area,Aligned Migration Time [s],Peak Height,Peak Width
19.3,4.6,22.50,13.3,0.8
8.7,2.8,30.16,4.9,1.6
1.3,0.5,33.96,0.7,0.8
21.9,8.5,36.59,12.7,1.9
 
Fragment Table
Name,Start Time [s],End Time [s],Area,% of total Area
 
Region Table
Name,From [s],To [s],Corr. Area,% of Total,Color
Region 1,29.18,30.89,8.8,19,16711680
Region 2,36.04,37.47,22.3,47,32768
 
 
Sample Name,17a10_TP3
 
Peak Table
Time corrected area,Area,Aligned Migration Time [s],Peak Height,Peak Width
18.4,4.4,22.50,12.7,1.0
8.8,2.9,30.12,4.5,1.8
2.1,0.8,33.89,1.1,0.9
21.5,8.5,36.59,8.8,3.3
 
Fragment Table
Name,Start Time [s],End Time [s],Area,% of total Area
 
Region Table
Name,From [s],To [s],Corr. Area,% of Total,Color
Region 1,29.18,30.89,8.9,20,16711680
Region 2,36.04,37.47,17.9,40,32768
 
 
Sample Name,17a10_TP4
 
Peak Table
Time corrected area,Area,Aligned Migration Time [s],Peak Height,Peak Width
17.3,4.2,22.50,12.2,0.9
9.6,3.1,30.17,4.8,1.7
2.4,0.9,33.91,1.2,0.9
17.9,7.1,36.73,6.1,3.2
 
Fragment Table
Name,Start Time [s],End Time [s],Area,% of total Area
 
Region Table
Name,From [s],To [s],Corr. Area,% of Total,Color
Region 1,29.18,30.89,10.0,21,16711680
Region 2,36.04,37.47,14.3,30,32768
 
 
Sample Name,17a11_TP1
 
Peak Table
Time corrected area,Area,Aligned Migration Time [s],Peak Height,Peak Width
17.6,4.3,22.50,12.1,0.8
7.4,2.4,30.20,4.7,1.2
25.0,10.0,36.89,24.7,1.7
 
Fragment Table
Name,Start Time [s],End Time [s],Area,% of total Area
 
Region Table
Name,From [s],To [s],Corr. Area,% of Total,Color
Region 1,29.18,30.89,8.1,20,16711680
Region 2,36.04,37.47,24.6,61,32768
 
 
Sample Name,17a11_TP2
 
Peak Table
Time corrected area,Area,Aligned Migration Time [s],Peak Height,Peak Width
16.3,4.0,22.50,11.6,0.8
8.1,2.7,30.15,4.7,1.4
19.3,7.7,36.93,15.5,2.0
 
Fragment Table
Name,Start Time [s],End Time [s],Area,% of total Area
18S,40.62,41.54,0.2,0.5
 
Region Table
Name,From [s],To [s],Corr. Area,% of Total,Color
Region 1,29.18,30.89,8.5,20,16711680
Region 2,36.04,37.47,19.2,46,32768
 
 
Sample Name,17a11_TP3
 
Peak Table
Time corrected area,Area,Aligned Migration Time [s],Peak Height,Peak Width
14.5,3.5,22.50,10.4,1.0
8.0,2.6,30.20,4.7,1.2
1.8,0.6,33.98,0.8,1.0
21.5,8.6,36.93,11.3,3.0
 
Fragment Table
Name,Start Time [s],End Time [s],Area,% of total Area
 
Region Table
Name,From [s],To [s],Corr. Area,% of Total,Color
Region 1,29.18,30.89,9.1,18,16711680
Region 2,36.04,37.47,18.8,38,32768
 
 
Sample Name,17a11_TP4
 
Peak Table
Time corrected area,Area,Aligned Migration Time [s],Peak Height,Peak Width
13.1,3.2,22.50,9.5,0.7
6.3,2.1,30.20,3.5,1.3
15.2,6.1,37.02,5.5,4.6
 
Fragment Table
Name,Start Time [s],End Time [s],Area,% of total Area
 
Region Table
Name,From [s],To [s],Corr. Area,% of Total,Color
Region 1,29.18,30.89,6.6,25,16711680
Region 2,36.04,37.47,10.6,40,32768
 
 
Sample Name,17a12_TP1
 
Peak Table
Time corrected area,Area,Aligned Migration Time [s],Peak Height,Peak Width
12.9,3.2,22.50,9.3,0.9
5.4,1.8,30.23,3.4,1.1
34.1,13.7,36.90,32.5,1.8
1.8,0.8,42.61,1.2,1.0
 
Fragment Table
Name,Start Time [s],End Time [s],Area,% of total Area
18S,42.19,43.34,0.9,1.6
 
Region Table
Name,From [s],To [s],Corr. Area,% of Total,Color
Region 1,29.18,30.89,6.5,11,16711680
Region 2,36.04,37.47,33.5,56,32768
 
 
Sample Name,17a12_TP2
 
Peak Table
Time corrected area,Area,Aligned Migration Time [s],Peak Height,Peak Width
12.3,3.0,22.50,9.1,0.7
8.6,2.8,30.18,5.0,1.6
34.4,13.8,36.86,27.3,2.9
 
Fragment Table
Name,Start Time [s],End Time [s],Area,% of total Area
 
Region Table
Name,From [s],To [s],Corr. Area,% of Total,Color
Region 1,29.18,30.89,9.3,15,16711680
Region 2,36.04,37.47,32.1,53,32768
 
 
Sample Name,17a12_TP3
 
Peak Table
Time corrected area,Area,Aligned Migration Time [s],Peak Height,Peak Width
12.0,2.9,22.50,9.0,0.8
9.4,3.1,30.17,5.5,1.6
4.3,1.7,35.54,2.4,0.9
28.6,11.5,36.83,19.8,1.9
 
Fragment Table
Name,Start Time [s],End Time [s],Area,% of total Area
 
Region Table
Name,From [s],To [s],Corr. Area,% of Total,Color
Region 1,29.18,30.89,10.1,16,16711680
Region 2,36.04,37.47,29.1,48,32768
 
 
Sample Name,17a12_TP4
 
Peak Table
Time corrected area,Area,Aligned Migration Time [s],Peak Height,Peak Width
11.7,2.9,22.50,8.7,0.8
7.2,2.4,30.23,4.1,1.4
5.7,2.2,35.58,3.0,1.1
24.2,9.7,36.91,15.0,1.8
 
Fragment Table
Name,Start Time [s],End Time [s],Area,% of total Area
 
Region Table
Name,From [s],To [s],Corr. Area,% of Total,Color
Region 1,29.18,30.89,8.4,13,16711680
Region 2,36.04,37.47,25.6,39,32768
 
