Data File Name,Eukaryote Total RNA Nano_2020-12-02_16-22-53.xad
Data File Path,C:\Program Files (x86)\Agilent\2100 bioanalyzer\2100 expert\Data\2020-12-02
Date Created,"Wednesday, December 2, 2020 4:22:53 PM"
Date Last Modified,"Wednesday, December 2, 2020 5:08:42 PM"
Version Created,B.02.11.SI811
Version Last Modified,B.02.11.SI811
 
Assay Name,Eukaryote Total RNA Nano Series II
Assay Path,C:\Program Files (x86)\Agilent\2100 bioanalyzer\2100 expert\assays\RNA
Assay Title,Eukaryote Total RNA Nano
Assay Version,2.6
 
Number of Samples Run,12
 
Sample Name,17a22_TP1
 
Peak Table
Time corrected area,Area,Aligned Migration Time [s],Peak Height,Peak Width
22.5,5.4,22.50,16.1,1.0
6.7,2.1,30.13,4.5,1.1
32.6,12.8,37.04,30.0,1.7
1.7,0.8,43.21,1.2,1.1
1.4,0.7,45.05,1.0,0.8
 
Fragment Table
Name,Start Time [s],End Time [s],Area,% of total Area
18S,42.55,44.39,1.7,2.5
 
Region Table
Name,From [s],To [s],Corr. Area,% of Total,Color
Region 1,29.29,31.00,8.6,12,16711680
Region 2,36.17,37.61,32.9,48,32768
 
 
Sample Name,17a22_TP2
 
Peak Table
Time corrected area,Area,Aligned Migration Time [s],Peak Height,Peak Width
21.7,5.2,22.50,16.0,0.8
10.3,3.3,30.14,6.3,1.4
31.4,12.4,37.13,21.4,5.0
2.1,1.0,43.31,1.2,1.0
 
Fragment Table
Name,Start Time [s],End Time [s],Area,% of total Area
18S,42.70,44.30,1.0,1.4
 
Region Table
Name,From [s],To [s],Corr. Area,% of Total,Color
Region 1,29.29,31.00,11.5,17,16711680
Region 2,36.17,37.61,27.4,41,32768
 
 
Sample Name,17a22_TP3
 
Peak Table
Time corrected area,Area,Aligned Migration Time [s],Peak Height,Peak Width
21.1,5.1,22.50,15.6,0.9
10.1,3.3,30.15,6.2,1.3
2.5,0.9,33.63,1.2,0.9
24.4,9.8,37.11,11.8,3.9
 
Fragment Table
Name,Start Time [s],End Time [s],Area,% of total Area
 
Region Table
Name,From [s],To [s],Corr. Area,% of Total,Color
Region 1,29.29,31.00,11.9,18,16711680
Region 2,36.17,37.61,20.5,31,32768
 
 
Sample Name,17a22_TP4
 
Peak Table
Time corrected area,Area,Aligned Migration Time [s],Peak Height,Peak Width
20.5,5.0,22.50,15.2,0.9
4.5,1.5,30.15,3.1,1.0
5.8,2.3,37.30,3.5,1.4
 
Fragment Table
Name,Start Time [s],End Time [s],Area,% of total Area
 
Region Table
Name,From [s],To [s],Corr. Area,% of Total,Color
Region 1,29.29,31.00,6.9,17,16711680
Region 2,36.17,37.61,8.6,21,32768
 
 
Sample Name,17a23_TP1
 
Peak Table
Time corrected area,Area,Aligned Migration Time [s],Peak Height,Peak Width
20.3,5.0,22.50,15.1,0.7
10.1,3.3,30.15,5.8,1.3
3.1,1.1,33.93,1.6,1.0
45.5,18.0,36.42,32.3,3.0
2.4,1.1,42.14,1.3,1.2
 
Fragment Table
Name,Start Time [s],End Time [s],Area,% of total Area
18S,41.45,43.43,1.6,2.0
 
Region Table
Name,From [s],To [s],Corr. Area,% of Total,Color
Region 1,29.29,31.00,11.2,14,16711680
Region 2,36.17,37.61,41.8,52,32768
 
 
Sample Name,17a23_TP2
 
Peak Table
Time corrected area,Area,Aligned Migration Time [s],Peak Height,Peak Width
20.1,4.9,22.50,14.9,0.8
10.8,3.5,30.15,6.2,1.3
5.4,2.0,33.91,1.6,1.9
3.3,1.2,35.35,1.5,0.9
20.3,8.0,36.46,14.1,1.8
 
Fragment Table
Name,Start Time [s],End Time [s],Area,% of total Area
 
Region Table
Name,From [s],To [s],Corr. Area,% of Total,Color
Region 1,29.29,31.00,12.5,20,16711680
Region 2,36.17,37.61,20.5,33,32768
 
 
Sample Name,17a23_TP3
 
Peak Table
Time corrected area,Area,Aligned Migration Time [s],Peak Height,Peak Width
17.9,4.3,22.50,13.6,0.7
10.2,3.3,30.09,5.4,1.4
7.1,2.6,33.91,1.7,2.0
9.7,3.8,36.48,5.6,1.7
 
Fragment Table
Name,Start Time [s],End Time [s],Area,% of total Area
 
Region Table
Name,From [s],To [s],Corr. Area,% of Total,Color
Region 1,29.29,31.00,12.5,24,16711680
Region 2,36.17,37.61,9.5,18,32768
 
 
Sample Name,17a23_TP4
 
Peak Table
Time corrected area,Area,Aligned Migration Time [s],Peak Height,Peak Width
17.9,4.3,22.50,13.5,0.8
17.2,5.5,30.09,7.5,2.2
11.2,4.0,33.84,2.5,2.2
8.3,3.2,36.47,4.2,1.6
 
Fragment Table
Name,Start Time [s],End Time [s],Area,% of total Area
 
Region Table
Name,From [s],To [s],Corr. Area,% of Total,Color
Region 1,29.29,31.00,18.3,25,16711680
Region 2,36.17,37.61,8.0,11,32768
 
 
Sample Name,17a24_TP1
 
Peak Table
Time corrected area,Area,Aligned Migration Time [s],Peak Height,Peak Width
17.5,4.2,22.50,13.2,0.7
13.2,4.2,30.09,7.2,2.0
2.7,1.0,34.48,1.2,1.3
51.4,19.9,36.46,48.0,2.5
1.6,0.7,41.70,1.3,1.3
 
Fragment Table
Name,Start Time [s],End Time [s],Area,% of total Area
18S,41.23,42.74,1.3,1.6
 
Region Table
Name,From [s],To [s],Corr. Area,% of Total,Color
Region 1,29.29,31.00,12.9,16,16711680
Region 2,36.17,37.61,49.8,60,32768
 
 
Sample Name,17a24_TP2
 
Peak Table
Time corrected area,Area,Aligned Migration Time [s],Peak Height,Peak Width
16.7,4.0,22.50,12.5,0.9
10.5,3.4,30.06,6.9,1.2
34.5,13.3,36.49,23.9,4.7
 
Fragment Table
Name,Start Time [s],End Time [s],Area,% of total Area
 
Region Table
Name,From [s],To [s],Corr. Area,% of Total,Color
Region 1,29.29,31.00,12.2,20,16711680
Region 2,36.17,37.61,28.0,45,32768
 
 
Sample Name,17a24_TP3
 
Peak Table
Time corrected area,Area,Aligned Migration Time [s],Peak Height,Peak Width
16.5,3.9,22.50,12.3,0.8
10.2,3.2,30.09,6.6,1.1
2.4,0.9,33.28,1.3,1.0
5.2,1.9,35.36,2.0,1.3
22.5,8.7,36.50,14.9,1.8
 
Fragment Table
Name,Start Time [s],End Time [s],Area,% of total Area
 
Region Table
Name,From [s],To [s],Corr. Area,% of Total,Color
Region 1,29.29,31.00,12.4,21,16711680
Region 2,36.17,37.61,20.1,33,32768
 
 
Sample Name,17a24_TP4
 
Peak Table
Time corrected area,Area,Aligned Migration Time [s],Peak Height,Peak Width
15.6,3.7,22.50,11.8,0.8
10.2,3.2,30.11,6.7,1.1
3.4,1.2,33.25,1.7,1.1
26.8,10.3,36.53,11.3,3.3
 
Fragment Table
Name,Start Time [s],End Time [s],Area,% of total Area
 
Region Table
Name,From [s],To [s],Corr. Area,% of Total,Color
Region 1,29.29,31.00,13.0,20,16711680
Region 2,36.17,37.61,17.2,27,32768
 
