Data File Name,Eukaryote Total RNA Nano_2020-12-02_15-29-46.xad
Data File Path,C:\Program Files (x86)\Agilent\2100 bioanalyzer\2100 expert\Data\2020-12-02
Date Created,"Wednesday, December 2, 2020 3:29:46 PM"
Date Last Modified,"Wednesday, December 2, 2020 3:59:42 PM"
Version Created,B.02.11.SI811
Version Last Modified,B.02.11.SI811
 
Assay Name,Eukaryote Total RNA Nano Series II
Assay Path,C:\Program Files (x86)\Agilent\2100 bioanalyzer\2100 expert\assays\RNA
Assay Title,Eukaryote Total RNA Nano
Assay Version,2.6
 
Number of Samples Run,12
 
Sample Name,17a7_TP1
 
Peak Table
Time corrected area,Area,Aligned Migration Time [s],Peak Height,Peak Width
24.7,5.7,22.50,16.8,1.1
7.2,2.2,30.10,4.5,1.2
38.2,14.4,36.63,26.7,2.2
 
Fragment Table
Name,Start Time [s],End Time [s],Area,% of total Area
 
Region Table
Name,From [s],To [s],Corr. Area,% of Total,Color
Region 1,29.20,30.88,7.7,12,16711680
Region 2,36.00,37.42,36.5,59,32768
 
 
Sample Name,17a7_TP2
 
Peak Table
Time corrected area,Area,Aligned Migration Time [s],Peak Height,Peak Width
25.1,5.9,22.50,17.3,1.0
7.4,2.3,30.11,4.5,1.2
2.3,0.8,34.01,1.2,0.7
30.5,11.6,36.66,17.8,2.5
 
Fragment Table
Name,Start Time [s],End Time [s],Area,% of total Area
 
Region Table
Name,From [s],To [s],Corr. Area,% of Total,Color
Region 1,29.20,30.88,8.2,15,16711680
Region 2,36.00,37.42,28.1,51,32768
 
 
Sample Name,17a7_TP3
 
Peak Table
Time corrected area,Area,Aligned Migration Time [s],Peak Height,Peak Width
24.4,5.7,22.50,17.0,0.9
11.6,3.7,30.10,6.5,1.2
10.8,3.8,33.92,1.8,2.6
17.9,6.9,36.78,8.1,2.5
 
Fragment Table
Name,Start Time [s],End Time [s],Area,% of total Area
 
Region Table
Name,From [s],To [s],Corr. Area,% of Total,Color
Region 1,29.20,30.88,14.3,22,16711680
Region 2,36.00,37.42,16.3,25,32768
 
 
Sample Name,17a7_TP4
 
Peak Table
Time corrected area,Area,Aligned Migration Time [s],Peak Height,Peak Width
24.6,5.8,22.50,17.1,0.9
8.6,2.7,30.09,5.7,1.1
7.1,2.8,36.93,3.4,1.9
 
Fragment Table
Name,Start Time [s],End Time [s],Area,% of total Area
 
Region Table
Name,From [s],To [s],Corr. Area,% of Total,Color
Region 1,29.20,30.88,14.1,23,16711680
Region 2,36.00,37.42,9.9,16,32768
 
 
Sample Name,17a8_TP1
 
Peak Table
Time corrected area,Area,Aligned Migration Time [s],Peak Height,Peak Width
24.8,5.9,22.50,16.9,1.0
8.2,2.6,30.09,4.9,1.5
1.3,0.5,34.18,0.7,0.8
48.0,18.3,36.31,38.0,2.4
2.0,0.9,41.87,1.2,1.3
 
Fragment Table
Name,Start Time [s],End Time [s],Area,% of total Area
18S,41.06,42.72,1.9,2.4
 
Region Table
Name,From [s],To [s],Corr. Area,% of Total,Color
Region 1,29.20,30.88,9.4,12,16711680
Region 2,36.00,37.42,47.0,60,32768
 
 
Sample Name,17a8_TP2
 
Peak Table
Time corrected area,Area,Aligned Migration Time [s],Peak Height,Peak Width
24.5,5.8,22.50,16.8,1.0
9.2,2.9,30.10,5.2,1.3
6.5,2.3,33.92,1.6,1.9
34.2,13.0,36.35,19.9,3.1
 
Fragment Table
Name,Start Time [s],End Time [s],Area,% of total Area
 
Region Table
Name,From [s],To [s],Corr. Area,% of Total,Color
Region 1,29.20,30.88,10.1,15,16711680
Region 2,36.00,37.42,28.7,44,32768
 
 
Sample Name,17a8_TP3
 
Peak Table
Time corrected area,Area,Aligned Migration Time [s],Peak Height,Peak Width
22.6,5.3,22.50,15.6,0.9
11.6,3.6,30.03,6.2,1.4
9.4,3.3,33.73,2.1,1.9
22.7,8.6,36.36,9.4,3.1
 
Fragment Table
Name,Start Time [s],End Time [s],Area,% of total Area
 
Region Table
Name,From [s],To [s],Corr. Area,% of Total,Color
Region 1,29.20,30.88,13.6,21,16711680
Region 2,36.00,37.42,15.5,23,32768
 
 
Sample Name,17a8_TP4
 
Peak Table
Time corrected area,Area,Aligned Migration Time [s],Peak Height,Peak Width
22.7,5.3,22.50,15.9,0.7
13.1,4.1,30.03,6.1,1.4
2.8,0.9,31.77,1.8,0.5
9.9,3.5,33.70,2.1,1.9
16.5,6.2,36.45,5.4,3.0
 
Fragment Table
Name,Start Time [s],End Time [s],Area,% of total Area
 
Region Table
Name,From [s],To [s],Corr. Area,% of Total,Color
Region 1,29.20,30.88,16.7,20,16711680
Region 2,36.00,37.42,11.1,13,32768
 
 
Sample Name,17a9_TP1
 
Peak Table
Time corrected area,Area,Aligned Migration Time [s],Peak Height,Peak Width
23.2,5.4,22.50,15.9,1.0
7.8,2.4,30.08,4.9,1.4
43.2,16.2,36.40,40.9,3.9
1.3,0.6,41.94,1.0,0.9
 
Fragment Table
Name,Start Time [s],End Time [s],Area,% of total Area
18S,41.40,43.49,1.3,2.0
 
Region Table
Name,From [s],To [s],Corr. Area,% of Total,Color
Region 1,29.20,30.88,8.5,13,16711680
Region 2,36.00,37.42,40.8,61,32768
 
 
Sample Name,17a9_TP2
 
Peak Table
Time corrected area,Area,Aligned Migration Time [s],Peak Height,Peak Width
22.5,5.2,22.50,15.2,1.1
5.9,1.8,30.10,3.7,1.3
31.3,11.7,36.43,25.3,2.7
 
Fragment Table
Name,Start Time [s],End Time [s],Area,% of total Area
 
Region Table
Name,From [s],To [s],Corr. Area,% of Total,Color
Region 1,29.20,30.88,6.8,13,16711680
Region 2,36.00,37.42,29.5,54,32768
 
 
Sample Name,17a9_TP3
 
Peak Table
Time corrected area,Area,Aligned Migration Time [s],Peak Height,Peak Width
21.7,5.0,22.50,14.8,0.9
9.5,2.9,30.08,5.7,1.4
1.6,0.5,31.94,1.0,0.8
2.0,0.7,33.02,1.0,0.9
6.0,2.2,35.36,2.1,1.9
30.2,11.2,36.44,21.8,1.9
 
Fragment Table
Name,Start Time [s],End Time [s],Area,% of total Area
 
Region Table
Name,From [s],To [s],Corr. Area,% of Total,Color
Region 1,29.20,30.88,11.0,16,16711680
Region 2,36.00,37.42,30.0,43,32768
 
 
Sample Name,17a9_TP4
 
Peak Table
Time corrected area,Area,Aligned Migration Time [s],Peak Height,Peak Width
20.7,4.8,22.50,14.3,0.7
7.8,2.4,30.08,4.7,1.3
1.5,0.5,31.89,1.0,0.7
2.0,0.7,33.07,0.9,0.9
5.4,1.9,35.36,1.8,1.8
17.9,6.7,36.44,11.4,1.8
 
Fragment Table
Name,Start Time [s],End Time [s],Area,% of total Area
 
Region Table
Name,From [s],To [s],Corr. Area,% of Total,Color
Region 1,29.20,30.88,8.9,18,16711680
Region 2,36.00,37.42,17.4,36,32768
 
