,Time,Value,Nucleotides
0,17,-1.818405E-02,-131.7970945077077
1,17.05,-7.700022E-03,-129.7617390612254
2,17.1,2.228897E-02,-127.7438577590674
3,17.15,2.877124E-02,-125.7432795939294
4,17.2,1.475542E-02,-123.75983374176303
5,17.25,-1.365404E-02,-121.79334956177718
6,17.3,-0.0311171,-119.84365659643845
7,17.35,-0.0203432,-117.91058457146892
8,17.4,-1.579257E-03,-115.99396339584928
9,17.45,2.414835E-02,-114.0936231618166
10,17.5,2.223191E-02,-112.20939414486384
11,17.55,1.002358E-02,-110.3411068037417
12,17.6,-1.878788E-03,-108.48859178045677
13,17.65,-1.762952E-02,-106.65167990027612
14,17.7,-2.004513E-02,-104.83020217171861
15,17.75,-9.019909E-03,-103.02398978656447
16,17.8,1.710348E-02,-101.23287411984847
17,17.85,3.732198E-02,-99.4566867298613
18,17.9,5.469013E-02,-97.69525935815454
19,17.95,0.0529746,-95.94842392953296
20,18,3.023758E-02,-94.21601255205815
21,18.05,2.307633E-02,-92.49785751705258
22,18.1,2.688464E-02,-90.79379129909148
23,18.15,5.242563E-02,-89.10364655600961
24,18.2,5.531963E-02,-87.42725612889717
25,18.25,4.942431E-02,-85.76445304210029
26,18.3,4.167438E-02,-84.11507050322643
27,18.35,4.238671E-02,-82.47894190313491
28,18.4,4.100877E-02,-80.85590081594546
29,18.45,4.415144E-02,-79.24578099903192
30,18.5,5.034981E-02,-77.64841639302722
31,18.55,5.804466E-02,-76.063641121822
32,18.6,6.294994E-02,-74.49128949255919
33,18.65,7.489482E-02,-72.93119599564488
34,18.7,8.124211E-02,-71.383195304737
35,18.75,6.822271E-02,-69.84712227675254
36,18.8,6.114033E-02,-68.32281195186806
37,18.85,5.139344E-02,-66.81009955351101
38,18.9,5.199402E-02,-65.30882048836884
39,18.95,0.0513291,-63.818810346389455
40,19,5.694644E-02,-62.33990490077122
41,19.05,5.684516E-02,-60.87194010797384
42,19.1,5.731526E-02,-59.41475210771296
43,19.15,4.693561E-02,-57.96817722296055
44,19.2,3.940644E-02,-56.53205195994451
45,19.25,3.917825E-02,-55.1062130081541
46,19.3,3.457225E-02,-53.69049724032948
47,19.35,0.0313227,-52.28474171247126
48,19.4,3.413858E-02,-50.888783663837785
49,19.45,2.506263E-02,-49.50246051694148
50,19.5,1.340429E-02,-48.125609877553416
51,19.55,1.223856E-02,-46.75806953470146
52,19.6,0.0179168,-45.399677460669864
53,19.65,1.658028E-02,-44.05027181100104
54,19.7,2.869124E-02,-42.709690924492406
55,19.75,3.733756E-02,-41.37777332320002
56,19.8,2.620776E-02,-40.05435771243583
57,19.85,1.907214E-02,-38.739282980769076
58,19.9,2.718639E-02,-37.43238820002716
59,19.95,3.882023E-02,-36.13351262529204
60,20,4.663425E-02,-34.84249569490339
61,20.05,4.819373E-02,-33.55917703045861
62,20.1,4.153017E-02,-32.28339643681238
63,20.15,2.833495E-02,-31.014993902074366
64,20.2,2.189771E-02,-29.753809597612417
65,20.25,1.652669E-02,-28.49968387805302
66,20.3,2.509368E-03,-27.252457281275383
67,20.35,-2.096416E-04,-26.01197052841826
68,20.4,3.450439E-03,-24.778064523878584
69,20.45,1.468253E-02,-23.550580355308284
70,20.5,2.696068E-02,-22.329359293614743
71,20.55,3.357407E-02,-21.11424279296716
72,20.6,3.178538E-02,-19.90507249078746
73,20.65,4.43026E-03,-18.701690207754837
74,20.7,-1.380545E-02,-17.503937947807117
75,20.75,2.923728E-02,-16.311657898138492
76,20.8,8.628696E-02,-15.124692429198149
77,20.85,0.1220476,-13.942884094697092
78,20.9,0.1450087,-12.766075631597687
79,20.95,0.1154663,-11.594109960121386
80,21,7.076858E-02,-10.42683018374737
81,21.05,3.919562E-02,-9.264079589211633
82,21.1,0.0570554,-8.105701646505167
83,21.15,4.558277E-02,-6.9515400088794195
84,21.2,3.846236E-02,-5.801438512838104
85,21.25,4.355429E-02,-4.655241178147207
86,21.3,0.0408012,-3.5127922078254414
87,21.35,6.172595E-02,-2.373935988148787
88,21.4,6.025098E-02,-1.238517088653225
89,21.45,6.786839E-02,-0.10638026212836849
90,21.5,5.447809E-02,1.0226295553775344
91,21.55,5.734487E-02,2.148667244560329
92,21.6,5.019138E-02,3.271887502856771
93,21.65,5.623819E-02,4.392444844449528
94,21.7,7.303393E-02,5.510493600263544
95,21.75,6.257714E-02,6.626187917964671
96,21.8,4.992717E-02,7.739681761964221
97,21.85,6.415755E-02,8.851128913417597
98,21.9,6.067372E-02,9.960682970219295
99,21.95,4.420139E-02,11.068497347009725
100,22,5.983512E-02,12.174725275172477
101,22.05,5.958417E-02,13.2795198028316
102,22.1,2.861963E-02,14.38303379485933
103,22.15,6.031726E-03,15.485419932865625
104,22.2,0.1047506,16.586830715205906
105,22.25,0.5680057,17.687418456977866
106,22.3,1.759552,18.787335290024657
107,22.35,3.784428,19.886733162929886
108,22.4,6.21349,20.985763841019434
109,22.45,8.292642,22.08457890636646
110,22.5,9.186932,23.183329757782758
111,22.55,8.442645,24.282167610826036
112,22.6,6.587215,25.381243497796277
113,22.65,4.360022,26.480708267734826
114,22.7,2.455572,27.580712586428945
115,22.75,1.184144,28.68140693640771
116,22.8,0.5166644,29.782941616942935
117,22.85,0.2397197,30.885466744048244
118,22.9,0.153405,31.989132250485
119,22.95,0.1400099,33.09408788575229
120,23,0.1350169,34.20048321609465
121,23.05,0.1477727,35.30846762450028
122,23.1,0.166153,36.41819031069872
123,23.15,0.1595619,37.529800291163156
124,23.2,0.1279738,38.64344639911269
125,23.25,9.623814E-02,39.759277284505515
126,23.3,6.873809E-02,40.87744141404437
127,23.35,6.757604E-02,41.99808707117381
128,23.4,8.551346E-02,43.12136235608614
129,23.45,0.1320735,44.24741518571136
130,23.5,0.1622689,45.37639329372405
131,23.55,0.1874441,46.50844423054377
132,23.6,0.1925881,47.6437153633301
133,23.65,0.1847396,48.782353875989884
134,23.7,0.1755883,49.9245067691686
135,23.75,0.1665861,51.07032086025538
136,23.8,0.1621072,52.21994278338798
137,23.85,0.1912929,53.37351898943871
138,23.9,0.2450734,54.531195746031244
139,23.95,0.2926648,55.69311913752426
140,24,0.3071442,56.859435065026446
141,24.05,0.2908123,58.03028924638602
142,24.1,0.2479197,59.205827216193484
143,24.15,0.2284302,60.38619432578753
144,24.2,0.243681,61.57153574324184
145,24.25,0.2705826,62.761996453381926
146,24.3,0.2894589,63.95772125776875
147,24.35,0.2773982,65.15885477471193
148,24.4,0.2627875,66.36554143925878
149,24.45,0.2512424,67.57792550320664
150,24.5,0.2276899,68.79615103509013
151,24.55,0.2056256,70.02036192018977
152,24.6,0.179315,71.25070186052517
153,24.65,0.156122,72.48731437486731
154,24.7,0.1306745,73.73034279872081
155,24.75,0.1256621,74.97993028433984
156,24.8,0.1432766,76.23621980071903
157,24.85,0.1645127,77.4993541335948
158,24.9,0.1854067,78.76947588545045
159,24.95,0.193341,80.04672747550967
160,25,0.1839404,81.33125113974029
161,25.05,0.1735907,82.62318893085057
162,25.1,0.1502402,83.92268271829698
163,25.15,0.1436894,85.22987418827233
164,25.2,0.1569232,86.54490484372036
165,25.25,0.1573602,87.8679160043207
166,25.3,0.1495461,89.19904880650165
167,25.35,0.1290338,90.53844420342966
168,25.4,0.1205314,91.88624296501757
169,25.45,0.1264206,93.24258567792049
170,25.5,0.1404336,94.60761274553442
171,25.55,0.1733961,95.98146438800495
172,25.6,0.201666,97.36428064221218
173,25.65,0.2105953,98.75620136178713
174,25.7,0.1947843,100.1573662170963
175,25.75,0.1807676,101.5679146952566
176,25.8,0.1579212,102.98798610012
177,25.85,0.1302173,104.41771955228978
178,25.9,0.1142022,105.85725398910654
179,25.95,0.1369056,107.30672816465858
180,26,0.1687742,108.76628064977376
181,26.05,0.2156602,110.23604983202222
182,26.1,0.2559046,111.71617391571908
183,26.15,0.2615456,113.2067909219245
184,26.2,0.2277619,114.70803868843814
185,26.25,0.1845071,116.22005486980424
186,26.3,0.1635506,117.74297693730978
187,26.35,0.1483763,119.27694217898443
188,26.4,0.1469368,120.82208769960425
189,26.45,0.1626484,122.3785504206835
190,26.5,0.1803643,123.94646708048231
191,26.55,0.1880885,125.52597423400312
192,26.6,0.1895294,127.11720825299244
193,26.65,0.1992808,128.72030532593635
194,26.7,0.1953508,130.3354014580691
195,26.75,0.2002498,131.96263247136494
196,26.8,0.218783,133.60213400454222
197,26.85,0.2614053,135.25404151306338
198,26.9,0.2735866,136.91849026912905
199,26.95,0.2537647,138.59561536168758
200,27,0.2384499,140.28555169643187
201,27.05,0.2175248,141.98843399579027
202,27.1,0.198113,143.70439679894343
203,27.15,0.1996164,145.43357446181017
204,27.2,0.2023529,147.1761011570511
205,27.25,0.2033364,148.93211087407462
206,27.3,0.2163149,150.70173741902772
207,27.35,0.2801979,152.4851144148024
208,27.4,0.3542647,154.28237530103206
209,27.45,0.3970695,156.09365333409642
210,27.5,0.4346945,157.91908158711658
211,27.55,0.435225,159.75879294995684
212,27.6,0.4362129,161.61292012922377
213,27.65,0.4303013,163.48159564826756
214,27.7,0.4173473,165.36495184717978
215,27.75,0.388116,167.2631208828002
216,27.8,0.3487765,169.17623472870446
217,27.85,0.3359409,171.10442517521824
218,27.9,0.3183879,173.04782382940584
219,27.95,0.3071344,175.0065621150752
220,28,0.3001286,176.98077127278157
221,28.05,0.2942981,178.97058235981467
222,28.1,0.3185245,180.97612625021657
223,28.15,0.3482968,182.9975336347643
224,28.2,0.383697,185.03493502098536
225,28.25,0.4178991,187.08846073314635
226,28.3,0.4347195,189.15824091225477
227,28.35,0.4394571,191.24440551606585
228,28.4,0.4343997,193.34708431907757
229,28.45,0.4266728,195.4664069125247
230,28.5,0.3819664,197.60250270439292
231,28.55,0.3295442,199.7555009194084
232,28.6,0.3116314,201.92553059903912
233,28.65,0.2869281,204.11272060149622
234,28.7,0.2779058,206.31719960173314
235,28.75,0.2989196,208.53909609145194
236,28.8,0.3068634,210.77853837908788
237,28.85,0.3034431,213.0356545898294
238,28.9,0.3124488,215.31057266560083
239,28.95,0.3393778,217.60342036507336
240,29,0.3806067,219.91432526366225
241,29.05,0.4183392,222.2434147535214
242,29.1,0.4519022,224.59081604354787
243,29.15,0.4476622,226.95665615938924
244,29.2,0.4339666,229.34106194342712
245,29.25,0.4371577,231.74416005479407
246,29.3,0.4510636,234.16607696935534
247,29.35,0.4604344,236.6069389797317
248,29.4,0.4507347,239.06687219527794
249,29.45,0.4302116,241.54600254209527
250,29.5,0.4231071,244.04445576302896
251,29.55,0.4232011,246.56235741766523
252,29.6,0.4494137,249.09983288233389
253,29.65,0.466472,251.65700735010842
254,29.7,0.4851809,254.2340058308041
255,29.75,0.546146,256.83095315097944
256,29.8,0.7350972,259.4479739539429
257,29.85,1.143956,262.0851926997311
258,29.9,1.856768,264.7427336651399
259,29.95,2.889348,267.42072094369314
260,30,4.091317,270.1192784456762
261,30.05,5.240835,272.8385298980961
262,30.1,6.099577,275.57859884472055
263,30.15,6.492822,278.33960864605206
264,30.2,6.339343,281.1216824793346
265,30.25,5.762991,283.92494333856075
266,30.3,4.943599,286.7495140344631
267,30.35,4.03407,289.5955171945211
268,30.4,3.172845,292.4630752629473
269,30.45,2.464396,295.3523105007084
270,30.5,1.927701,298.2633449855107
271,30.55,1.546309,301.19630061180214
272,30.6,1.282613,304.15129909076813
273,30.65,1.083542,307.1284619503531
274,30.7,0.9402552,310.12791053522824
275,30.75,0.8597685,313.14976600681666
276,30.8,0.8115395,316.1941493432787
277,30.85,0.7654667,319.26118133952696
278,30.9,0.7337121,322.35098260720815
279,30.95,0.6994485,325.4636735747181
280,31,0.6498256,328.59937448718574
281,31.05,0.6081704,331.7582054064983
282,31.1,0.5854416,334.9402862112779
283,31.15,0.5532424,338.1457365968813
284,31.2,0.5309792,341.37467607542703
285,31.25,0.5079489,344.6272239757609
286,31.3,0.4625272,347.90349944347827
287,31.35,0.4125898,351.20362144091723
288,31.4,0.3816525,354.5277087471595
289,31.45,0.3680445,357.8758799580264
290,31.5,0.3384776,361.2482534860883
291,31.55,0.3236243,364.6449475606514
292,31.6,0.3053833,368.06608022777164
293,31.65,0.2806273,371.5117693502448
294,31.7,0.2749293,374.9821326076117
295,31.75,0.2849623,378.47728749614816
296,31.8,0.2901491,381.997351328881
297,31.85,0.3035869,385.5424412355892
298,31.9,0.3328229,389.1126741627704
299,31.95,0.352789,392.7081668736864
300,32,0.3534372,396.3290359483326
301,32.05,0.3511254,399.97539778345026
302,32.1,0.3493632,403.6473685925257
303,32.15,0.344057,407.3450644057839
304,32.2,0.340599,411.0686010701902
305,32.25,0.3314762,414.8180942494664
306,32.3,0.3240444,418.5936594240575
307,32.35,0.3171351,422.3954118911729
308,32.4,0.3291091,426.22346676475036
309,32.45,0.3431939,430.0779389754762
310,32.5,0.347472,433.9589432707767
311,32.55,0.3501944,437.86659421482545
312,32.6,0.3790274,441.8010061885375
313,32.65,0.4020001,445.7622933895682
314,32.7,0.4202774,449.7505698323207
315,32.75,0.441226,453.7659493479332
316,32.8,0.4590369,457.8085455843002
317,32.85,0.4755765,461.87847200604574
318,32.9,0.4787501,465.97584189454574
319,32.95,0.489502,470.1007683479138
320,33,0.4724932,474.2533642810117
321,33.05,0.4698292,478.4337424254418
322,33.1,0.4605654,482.6420153295453
323,33.15,0.4530047,486.8782953584141
324,33.2,0.4390766,491.1426946938791
325,33.25,0.4354706,495.4353253345148
326,33.3,0.4580416,499.7562990956362
327,33.35,0.4789506,504.105727609307
328,33.4,0.5016932,508.48372232432985
329,33.45,0.4958686,512.890394506253
330,33.5,0.4985085,517.3258552373622
331,33.55,0.5051756,521.7902154166945
332,33.6,0.5387112,526.2835857600221
333,33.65,0.5785434,530.8060767998677
334,33.7,0.6151053,535.3577988854927
335,33.75,0.667874,539.9388621829016
336,33.8,0.7064556,544.54937667484
337,33.85,0.7351197,549.1894521608024
338,33.9,0.7683268,553.8591982570238
339,33.95,0.8000133,558.5587243964801
340,34,0.8121745,563.2881398288919
341,34.05,0.8005136,568.0475536207196
342,34.1,0.7812625,572.8370746551791
343,34.15,0.7222494,577.656811632211
344,34.2,0.6565107,582.5068730685143
345,34.25,0.6198655,587.3873672975178
346,34.3,0.6017213,592.2984024694101
347,34.35,0.6146705,597.2400865511036
348,34.4,0.6367062,602.2125273262714
349,34.45,0.6742603,607.2158323953163
350,34.5,0.7044426,612.250109175392
351,34.55,0.7004743,617.3154649003914
352,34.6,0.6922948,622.4120066209548
353,34.65,0.6711897,627.5398412044601
354,34.7,0.6581463,632.699075335031
355,34.75,0.635985,637.8898155135362
356,34.8,0.6127646,643.1121680575834
357,34.85,0.6027809,648.3662391015246
358,34.9,0.5790209,653.6521345964584
359,34.95,0.5720202,658.9699603102254
360,35,0.5762101,664.3198218273997
361,35.05,0.5806665,669.7018245493118
362,35.1,0.5764567,675.1160736940333
363,35.15,0.5851344,680.5626742963677
364,35.2,0.6130666,686.0417312078757
365,35.25,0.6260653,691.5533490968523
366,35.3,0.6383986,697.0976324483358
367,35.35,0.6641678,702.6746855641122
368,35.4,0.6873354,708.2846125627079
369,35.45,0.7104345,713.9275173793958
370,35.5,0.7296169,719.6035037661804
371,35.55,0.761838,725.3126752918238
372,35.6,0.7968532,731.0551353418246
373,35.65,0.8794519,736.8309871184215
374,35.7,0.9652222,742.6403336406061
375,35.75,1.035906,748.4832777440988
376,35.8,1.024776,754.3599220813744
377,35.85,0.9998552,760.270369121648
378,35.9,0.9917076,766.2147211508764
379,35.95,0.9980097,772.193080271757
380,36,1.007762,778.2055484037396
381,36.05,1.01061,784.2522272830006
382,36.1,0.9841896,790.3332184624824
383,36.15,1.064117,796.4486233118469
384,36.2,2.271695,802.598543017521
385,36.25,6.261138,808.78307858265
386,36.3,13.35909,815.0023308271416
387,36.35,21.92925,821.2564003876491
388,36.4,29.10438,827.5453877175487
389,36.45,32.6071,833.8693930869786
390,36.5,31.64572,840.228516582808
391,36.55,27.46031,846.6228581086575
392,36.6,22.14633,853.0525173848896
393,36.65,17.24532,859.517593948603
394,36.7,13.29103,866.0181871536456
395,36.75,10.20767,872.5543961706107
396,36.8,7.963008,879.1263199868235
397,36.85,6.264306,885.7340574063701
398,36.9,4.991871,892.3777070500569
399,36.95,4.054704,899.0573673554563
400,37,3.312907,905.7731365768659
401,37.05,2.687683,912.525112785338
402,37.1,2.177278,919.3133938686674
403,37.15,1.77016,926.138077531381
404,37.2,1.458838,932.9992612947599
405,37.25,1.216419,939.897042496817
406,37.3,1.05765,946.8315182923279
407,37.35,0.8984965,953.8027856527933
408,37.4,0.775438,960.8109413664606
409,37.45,0.68538,967.8560820383273
410,37.5,0.5957261,974.9383040901253
411,37.55,0.5323721,982.0577037603289
412,37.6,0.4862341,989.2143771041733
413,37.65,0.4446519,996.4084199936083
414,37.7,0.4090401,1003.6399281173553
415,37.75,0.3953485,1010.9089969808556
416,37.8,0.3834901,1018.2157219063065
417,37.85,0.3640231,1025.5601980326492
418,37.9,0.3641437,1032.9425203155597
419,37.95,0.3582606,1040.3627835274601
420,38,0.3415698,1047.8210822575174
421,38.05,0.3362756,1055.3175109116446
422,38.1,0.3326934,1062.8521637124923
423,38.15,0.3207581,1070.425134699457
424,38.2,0.3071022,1078.0365177286776
425,38.25,0.306291,1085.6864064730307
426,38.3,0.2987742,1093.3748944221488
427,38.35,0.2986134,1101.1020748823948
428,38.4,0.2937711,1108.8680409768795
429,38.45,0.2814091,1116.6728856454638
430,38.5,0.2738815,1124.516701644735
431,38.55,0.2894278,1132.399581548042
432,38.6,0.3114844,1140.3216177454624
433,38.65,0.3327582,1148.2829024438242
434,38.7,0.3443406,1156.2835276666965
435,38.75,0.3397962,1164.3235852543912
436,38.8,0.3380366,1172.403166863969
437,38.85,0.3514589,1180.5223639692213
438,38.9,0.3613939,1188.6812678606975
439,38.95,0.3653675,1196.8799696456763
440,39,0.3569808,1205.1185602481892
441,39.05,0.366484,1213.397130409
442,39.1,0.3537746,1221.715770685635
443,39.15,0.3431109,1230.0745714523391
444,39.2,0.3205143,1238.4736229001264
445,39.25,0.2982456,1246.9130150367218
446,39.3,0.2745789,1255.3928376866288
447,39.35,0.2530289,1263.913180491064
448,39.4,0.2464402,1272.4741329080125
449,39.45,0.2413879,1281.0757842121766
450,39.5,0.2366248,1289.7182234950214
451,39.55,0.2446985,1298.4015396647555
452,39.6,0.2634689,1307.1258214463096
453,39.65,0.2596099,1315.8911573813848
454,39.7,0.2269116,1324.6976358283991
455,39.75,0.2075539,1333.5453449625402
456,39.8,0.2205413,1342.4343727757132
457,39.85,0.2373106,1351.3648070765876
458,39.9,0.2566848,1360.3367354905595
459,39.95,0.2640472,1369.3502454597801
460,40,0.2541781,1378.405424243134
461,40.05,0.2319147,1387.5023589162583
462,40.1,0.217628,1396.6411363715279
463,40.15,0.234646,1405.821843318059
464,40.2,0.2428711,1415.0445662817128
465,40.25,0.2407506,1424.3093916050966
466,40.3,0.2466544,1433.6164054475566
467,40.35,0.245622,1442.965693785186
468,40.4,0.2422127,1452.35734241082
469,40.45,0.2443931,1461.791436934027
470,40.5,0.2605585,1471.268062781137
471,40.55,0.2549555,1480.7873051952047
472,40.6,0.2376586,1490.3492492360492
473,40.65,0.2390587,1499.9539797802026
474,40.7,0.2322591,1509.6015815209712
475,40.75,0.2336672,1519.2921389683834
476,40.8,0.2368483,1529.0257364492209
477,40.85,0.251885,1538.802458107003
478,40.9,0.2709849,1548.6223879019972
479,40.95,0.2844602,1558.485609611207
480,41,0.2912245,1568.3922068283855
481,41.05,0.2906539,1578.34226296403
482,41.1,0.2795465,1588.335861245374
483,41.15,0.264589,1598.3730847163988
484,41.2,0.2391806,1608.4540162378235
485,41.25,0.2541713,1618.5787384871237
486,41.3,0.2734002,1628.747333958494
487,41.35,0.3004335,1638.9598849629047
488,41.4,0.3450255,1649.2164736280347
489,41.45,0.3832526,1659.5171818983345
490,41.5,0.4044184,1669.8620915349811
491,41.55,0.4170276,1680.251284115895
492,41.6,0.462737,1690.6848410357507
493,41.65,0.5367026,1701.1628435059547
494,41.7,0.6488774,1711.6853725546644
495,41.75,0.7922941,1722.2525090267727
496,41.8,0.9358587,1732.8643335839224
497,41.85,1.046246,1743.5209267044938
498,41.9,1.092272,1754.2223686836223
499,41.95,1.090151,1764.9687396331638
500,42,1.058192,1775.7601194817398
501,42.05,0.998309,1786.596587974699
502,42.1,0.924808,1797.4782246741497
503,42.15,0.8578407,1808.405108958922
504,42.2,0.8034592,1819.3773200246096
505,42.25,0.716895,1830.3949368835329
506,42.3,0.65751,1841.45803836477
507,42.35,0.6086166,1852.5667031141293
508,42.4,0.5965968,1863.7210095941673
509,42.45,0.6198483,1874.921036084187
510,42.5,0.6584396,1886.1668606802277
511,42.55,0.6619312,1897.4585612950823
512,42.6,0.6280744,1908.796215658277
513,42.65,0.5892575,1920.1799013160808
514,42.7,0.5391387,1931.6096956315141
515,42.75,0.5069486,1943.0856757843303
516,42.8,0.486943,1954.6079187710293
517,42.85,0.4255202,1966.1765014048697
518,42.9,0.3664031,1977.7915003158205
519,42.95,0.3321389,1989.4529919506276
520,43,0.3164662,2001.1610525727529
521,43.05,0.292559,2012.9157582624184
522,43.1,0.2661951,2024.7171849165852
523,43.15,0.2392738,2036.5654082489536
524,43.2,0.2248925,2048.4605037899746
525,43.25,0.2409679,2060.4025468868304
526,43.3,0.2910241,2072.39161270346
527,43.35,0.3167076,2084.4277762205347
528,43.4,0.2766162,2096.5111122354747
529,43.45,0.2420795,2108.6416953624384
530,43.5,0.209663,2120.8196000323333
531,43.55,0.1856598,2133.044900492805
532,43.6,0.1796153,2145.317670808251
533,43.65,0.1829903,2157.637984859788
534,43.7,0.1650421,2170.005916345318
535,43.75,0.1458274,2182.4215387794357
536,43.8,0.1659383,2194.884925493522
537,43.85,0.1727037,2207.396149635674
538,43.9,0.1612377,2219.9552841707473
539,43.95,0.1654913,2232.562401880323
540,44,0.1607161,2245.2175753627434
541,44.05,0.1487571,2257.9208770330933
542,44.1,0.1501686,2270.6723791231807
543,44.15,0.1675424,2283.472153681583
544,44.2,0.1743322,2296.320272573599
545,44.25,0.1726825,2309.2168074812844
546,44.3,0.1783904,2322.161829903427
547,44.35,0.1721566,2335.1554111555697
548,44.4,0.1488176,2348.1976223699876
549,44.45,0.1414563,2361.2885344957094
550,44.5,0.1546017,2374.4282182984934
551,44.55,0.1678142,2387.6167443608574
552,44.6,0.1673011,2400.854183082044
553,44.65,0.1580487,2414.1406046780558
554,44.7,0.1420499,2427.4760791816307
555,44.75,0.130675,2440.860676442241
556,44.8,0.1444206,2454.2944661261254
557,44.85,0.177393,2467.7775177162375
558,44.9,0.2114864,2481.309900512302
559,44.95,0.215651,2494.89168363076
560,45,0.2174263,2508.5229360048197
561,45.05,0.1986516,2522.203726384404
562,45.1,0.1877067,2535.9341233362156
563,45.15,0.1768258,2549.714195243666
564,45.2,0.1783664,2563.544010306934
565,45.25,0.1665607,2577.4236365429206
566,45.3,0.1523565,2591.3531417852937
567,45.35,0.136887,2605.3325936844412
568,45.4,0.1159491,2619.3620597075123
569,45.45,0.1202843,2633.441607138385
570,45.5,0.1354616,2647.571303077685
571,45.55,0.1513721,2661.7512144427938
572,45.6,0.1496575,2675.981407967817
573,45.65,0.1635296,2690.261950203614
574,45.7,0.1695351,2704.592907517779
575,45.75,0.1556595,2718.974346094663
576,45.8,0.1614607,2733.4063319353463
577,45.85,0.1828935,2747.8889308576645
578,45.9,0.2108281,2762.4222084961775
579,45.95,0.2443061,2777.006230302215
580,46,0.2663756,2791.641061543819
581,46.05,0.2850846,2806.326767305807
582,46.1,0.273603,2821.0634124897124
583,46.15,0.2902802,2835.851061813826
584,46.2,0.2704079,2850.6897798131795
585,46.25,0.2325681,2865.5796308395456
586,46.3,0.2029708,2880.520679061441
587,46.35,0.1803357,2895.5129884641237
588,46.4,0.1784575,2910.556622849602
589,46.45,0.1827072,2925.651645836614
590,46.5,0.1737947,2940.798120860656
591,46.55,0.1589244,2955.9961111739512
592,46.6,0.1612206,2971.245679845487
593,46.65,0.1692027,2986.546889760968
594,46.7,0.1632773,3001.8998036228704
595,46.75,0.1484571,3017.304483950381
596,46.8,0.1205024,3032.7609930794633
597,46.85,0.0919186,3048.2693931627946
598,46.9,9.904067E-02,3063.8297461698194
599,46.95,0.1275469,3079.4421138867074
600,47,0.1522357,3095.106557916376
601,47.05,0.169889,3110.8231396784986
602,47.1,0.1795768,3126.5919204094716
603,47.15,0.161917,3142.4129611624503
604,47.2,0.1591615,3158.28632280732
605,47.25,0.1705474,3174.212066030723
606,47.3,0.1802315,3190.1902513360237
607,47.35,0.1781935,3206.2209390433663
608,47.4,0.1714927,3222.3041892895917
609,47.45,0.1537055,3238.4400620283277
610,47.5,0.1332042,3254.628617029901
611,47.55,0.1269305,3270.869913881429
612,47.6,0.141278,3287.1640119867316
613,47.65,0.1393444,3303.510970566401
614,47.7,0.1395886,3319.910848657747
615,47.75,0.1644213,3336.3637051148407
616,47.8,0.1826332,3352.8695986084986
617,47.85,0.2060834,3369.4285876262675
618,47.9,0.2432035,3386.040730472435
619,47.95,0.2739835,3402.7060852680434
620,48,0.2766969,3419.424709950883
621,48.05,0.2830613,3436.1966622754635
622,48.1,0.3002994,3453.021999813066
623,48.15,0.3111874,3469.9007799516885
624,48.2,0.327123,3486.8330598960956
625,48.25,0.3353294,3503.8188966677744
626,48.3,0.3281202,3520.8583471049697
627,48.35,0.2938884,3537.951467862664
628,48.4,0.2660186,3555.0983154125815
629,48.45,0.2175584,3572.298946043188
630,48.5,0.1727751,3589.5534158596984
631,48.55,0.1464793,3606.861780784071
632,48.6,0.1400034,3624.22409655501
633,48.65,0.1365955,3641.640418727933
634,48.7,0.141523,3659.1108026750408
635,48.75,0.1421674,3676.6353035852662
636,48.8,0.1319589,3694.2139764642607
637,48.85,0.1301472,3711.846876134463
638,48.9,0.1238855,3729.5340572350024
639,48.95,0.1165126,3747.2755742218005
640,49,9.638721E-02,3765.071481367485
641,49.05,9.575726E-02,3782.92183276145
642,49.1,0.1059733,3800.8266823098193
643,49.15,0.1241856,3818.78608373547
644,49.2,0.1563311,3836.800090578011
645,49.25,0.1605016,3854.868756193807
646,49.3,0.143313,3872.992133755949
647,49.35,0.1447829,3891.1702762542973
648,49.4,0.1583718,3909.403236495419
649,49.45,0.1765936,3927.6910671026626
650,49.5,0.1743299,3946.0338205160906
651,49.55,0.1653754,3964.4315489925166
652,49.6,0.1451347,3982.8843046055163
653,49.65,0.1215045,4001.3921392453767
654,49.7,0.1105847,4019.9551046191536
655,49.75,0.1063315,4038.5732522506223
656,49.8,0.1119138,4057.2466334803275
657,49.85,0.1027688,4075.975299465539
658,49.9,0.1013421,4094.7593011802774
659,49.95,9.641926E-02,4113.598689415299
660,50,0.0934936,4132.493514778113
661,50.05,9.934768E-02,4151.443827692955
662,50.1,0.1322479,4170.449678400838
663,50.15,0.1716808,4189.511116959471
664,50.2,0.189841,4208.628193243343
665,50.25,0.1912402,4227.8009569436745
666,50.3,0.1658345,4247.029457568429
667,50.35,0.1421198,4266.313744442299
668,50.4,0.1384496,4285.653866706746
669,50.45,0.1410751,4305.049873319961
670,50.5,0.1368023,4324.501813056868
671,50.55,0.1429265,4344.009734509161
672,50.6,0.1369843,4363.573686085249
673,50.65,0.1235438,4383.1937160103025
674,50.7,0.1191242,4402.8698723262205
675,50.75,0.1217218,4422.60220289166
676,50.8,0.1176394,4442.390755382016
677,50.85,0.1056475,4462.235577289424
678,50.9,0.1078418,4482.136715922755
679,50.95,0.1093658,4502.094218407643
680,51,0.117113,4522.108131686441
681,51.05,0.1312542,4542.178502518265
682,51.1,0.1504591,4562.305377478976
683,51.15,0.1522259,4582.488802961148
684,51.2,0.1344938,4602.7288251741375
685,51.25,0.1125339,4623.025490144013
686,51.3,0.1130145,4643.378843713609
687,51.35,0.132059,4663.788931542481
688,51.4,0.1642942,4684.255799106952
689,51.45,0.1795778,4704.779491700061
690,51.5,0.174857,4725.360054431614
691,51.55,0.1723308,4745.997532228147
692,51.6,0.1516863,4766.69196983295
693,51.65,0.1396147,4787.443411806035
694,51.7,0.1368524,4808.251902524186
695,51.75,0.1367034,4829.1174861808995
696,51.8,0.1346568,4850.040206786433
697,51.85,0.1480999,4871.020108167797
698,51.9,0.1592941,4892.057233968721
699,51.95,0.1496328,4913.15162764969
700,52,0.1489161,4934.30333248793
701,52.05,0.1382506,4955.5123915774175
702,52.1,0.1233963,4976.778847828864
703,52.15,0.1230673,4998.10274396972
704,52.2,0.1355255,5019.484122544191
705,52.25,0.1283273,5040.923025913213
706,52.3,0.1198705,5062.419496254477
707,52.35,0.1278054,5083.973575562415
708,52.4,0.1207229,5105.585305648189
709,52.45,0.1183158,5127.25472813972
710,52.5,0.1171111,5148.98188448166
711,52.55,0.1083764,5170.766815935414
712,52.6,0.1002062,5192.6095635791335
713,52.65,0.0926748,5214.510168307688
714,52.7,9.006137E-02,5236.468670832726
715,52.75,0.1046084,5258.485111682601
716,52.8,0.1232291,5280.5595312024525
717,52.85,0.1276044,5302.691969554118
718,52.9,0.1402777,5324.8824667162135
719,52.95,0.1518465,5347.131062484079
720,53,0.1439325,5369.437796469805
721,53.05,0.1121265,5391.802708102216
722,53.1,0.1001132,5414.225836626905
723,53.15,0.1045105,5436.707221106166
724,53.2,0.1101648,5459.2469004190825
725,53.25,0.1241643,5481.844913261435
726,53.3,0.1392205,5504.501298145793
727,53.35,0.136868,5527.216093401434
728,53.4,0.1193214,5549.989337174387
729,53.45,0.1330827,5572.821067427445
730,53.5,0.1579878,5595.711321940105
731,53.55,0.1493192,5618.660138308647
732,53.6,0.1227614,5641.667553946068
733,53.65,0.1155138,5664.7336060821235
734,53.7,0.1244938,5687.8583317632965
735,53.75,0.1543296,5711.041767852828
736,53.8,0.173856,5734.283951030688
737,53.85,0.1765431,5757.584917793607
738,53.9,0.1375611,5780.944704455043
739,53.95,9.250098E-02,5804.363347145207
740,54,7.991783E-02,5827.84088181104
741,54.05,8.154614E-02,5851.377344216242
742,54.1,9.352194E-02,5874.972769941252
743,54.15,0.1134382,5898.6271943832435
744,54.2,0.1314644,5922.340652756147
745,54.25,0.1379549,5946.11318009061
746,54.3,0.1426359,5969.94481123406
747,54.35,0.1201209,5993.835580850633
748,54.4,0.1105034,6017.78552342124
749,54.45,0.1035866,6041.794673243507
750,54.5,0.1069954,6065.863064431822
751,54.55,9.387594E-02,6089.990730917298
752,54.6,0.1004697,6114.177706447814
753,54.65,0.1104462,6138.424024587966
754,54.7,0.1137675,6162.729718719125
755,54.75,0.1615186,6187.094822039371
756,54.8,0.2338936,6211.519367563551
757,54.85,0.3034542,6236.003388123248
758,54.9,0.3056481,6260.546916366784
759,54.95,0.2674631,6285.149984759231
760,55,0.1919788,6309.81262558239
761,55.05,0.1272123,6334.534870934831
762,55.1,9.987118E-02,6359.3167527318365
763,55.15,0.1030746,6384.158302705464
764,55.2,0.1151613,6409.059552404484
765,55.25,0.118758,6434.020533194425
766,55.3,0.1330773,6459.041276257558
767,55.35,0.1675016,6484.121812592899
768,55.4,0.1974845,6509.2621730162045
769,55.45,0.2244224,6534.462388159967
770,55.5,0.2284132,6559.722488473433
771,55.55,0.2454971,6585.042504222591
772,55.6,0.2258573,6610.422465490166
773,55.65,0.2092708,6635.8624021756295
774,55.7,0.1851137,6661.362343995197
775,55.75,0.154789,6686.922320481812
776,55.8,0.1346928,6712.542360985204
777,55.85,0.1185488,6738.222494671791
778,55.9,0.1186501,6763.962750524775
779,55.95,9.954926E-02,6789.763157344076
780,56,0.1026139,6815.623743746379
781,56.05,9.876799E-02,6841.544538165077
782,56.1,9.622793E-02,6867.5255688503585
783,56.15,0.0992602,6893.566863869104
784,56.2,0.1170266,6919.668451104968
785,56.25,0.1393501,6945.830358258336
786,56.3,0.1651801,6972.052612846335
787,56.35,0.1837434,6998.3352422028565
788,56.4,0.1661016,7024.678273478501
789,56.45,0.1244641,7051.081733640633
790,56.5,0.1005261,7077.545649473352
791,56.55,0.1247463,7104.0700475775175
792,56.6,0.1841018,7130.6549543707115
793,56.65,0.2465758,7157.300396087265
794,56.7,0.2837327,7184.006398778254
795,56.75,0.2781722,7210.772988311508
796,56.8,0.2327932,7237.600190371568
797,56.85,0.18519,7264.488030459759
798,56.9,0.1378721,7291.436533894121
799,56.95,0.114196,7318.445725809448
800,57,9.956019E-02,7345.51563115727
801,57.05,0.1003138,7372.646274705867
802,57.1,0.1041097,7399.837681040266
803,57.15,0.1005034,7427.089874562218
804,57.2,0.1111324,7454.402879490244
805,57.25,0.1415819,7481.7767198595775
806,57.3,0.1594714,7509.211419522215
807,57.35,0.1586416,7536.707002146901
808,57.4,0.136446,7564.263491219115
809,57.45,0.116663,7591.880910041071
810,57.5,0.105593,7619.559281731748
811,57.55,0.1155403,7647.298629226823
812,57.6,0.1270946,7675.098975278788
813,57.65,0.1417114,7702.960342456803
814,57.7,0.1474308,7730.8827531468305
815,57.75,0.1358891,7758.866229551537
816,57.8,0.1319676,7786.910793690346
817,57.85,0.1287025,7815.016467399435
818,57.9,0.1250448,7843.1832723317
819,57.95,0.1231805,7871.411229956802
820,58,0.1257286,7899.700361561134
821,58.05,0.1277797,7928.050688247829
822,58.1,0.109341,7956.462230936782
823,58.15,0.1191425,7984.935010364616
824,58.2,0.1475661,8013.469047084691
825,58.25,0.1602114,8042.064361467124
826,58.3,0.1681045,8070.7209736987625
827,58.35,0.157962,8099.4389037832225
828,58.4,0.1517536,8128.218171540808
829,58.45,0.139705,8157.058796608642
830,58.5,0.1452494,8185.96079844053
831,58.55,0.1460129,8214.924196307042
832,58.6,0.1276297,8243.949009295506
833,58.65,0.1320745,8273.035256309951
834,58.7,0.1421706,8302.18295607121
835,58.75,0.1586986,8331.39212711679
836,58.8,0.1719441,8360.662787801002
837,58.85,0.1773916,8389.994956294857
838,58.9,0.1687975,8419.388650586141
839,58.95,0.1693821,8448.84388847936
840,59,0.1699165,8478.360687595774
841,59.05,0.1542162,8507.939065373368
842,59.1,0.1333942,8537.579039066919
843,59.15,0.1316968,8567.280625747875
844,59.2,0.1446037,8597.043842304498
845,59.25,0.1488267,8626.868705441739
846,59.3,0.1500572,8656.755231681325
847,59.35,0.143533,8686.703437361715
848,59.4,0.1315628,8716.713338638105
849,59.45,0.131099,8746.784951482447
850,59.5,0.1303572,8776.918291683414
851,59.55,0.1355518,8807.11337484645
852,59.6,0.1352534,8837.370216393732
853,59.65,0.1279832,8867.68883156417
854,59.7,0.1288736,8898.069235413428
855,59.75,0.1241691,8928.511442813911
856,59.8,9.714676E-02,8959.015468454749
857,59.85,8.521022E-02,8989.58132684186
858,59.9,9.897602E-02,9020.209032297855
859,59.95,0.1171196,9050.898598962118
860,60,0.1245641,9081.650040790762
861,60.05,0.1298395,9112.463371556658
862,60.1,0.1247374,9143.338604849409
863,60.15,0.1059775,9174.27575407535
864,60.2,9.983552E-02,9205.274832457593
865,60.25,9.771188E-02,9236.335853035953
866,60.3,0.1045889,9267.458828667017
867,60.35,0.1150463,9298.643772024103
868,60.4,0.1125365,9329.890695597283
869,60.45,0.1104637,9361.199611693346
870,60.5,0.1126968,9392.570532435862
871,60.55,0.1287711,9424.003469765099
872,60.6,0.1198309,9455.49843543812
873,60.65,9.271434E-02,9487.055441028675
874,60.7,6.442606E-02,9518.674497927317
875,60.75,5.275304E-02,9550.355617341287
876,60.8,6.434668E-02,9582.098810294605
877,60.85,7.197944E-02,9613.904087628014
878,60.9,9.194768E-02,9645.771459999009
879,60.95,9.064544E-02,9677.70093788184
880,61,9.666427E-02,9709.692531567469
881,61.05,0.1120682,9741.746251163622
882,61.1,0.1191967,9773.862106594777
883,61.15,0.1127385,9806.040107602148
884,61.2,0.1048269,9838.280263743669
885,61.25,0.1118282,9870.582584394046
886,61.3,0.1225124,9902.947078744706
887,61.35,0.1296456,9935.373755803857
888,61.4,0.1298955,9967.862624396392
889,61.45,0.1273013,10000.413693164004
890,61.5,0.1199336,10033.02697056509
891,61.55,0.1419059,10065.702464874814
892,61.6,0.1454109,10098.440184185063
893,61.65,0.1282911,10131.240136404478
894,61.7,0.1150695,10164.102329258452
895,61.75,0.1008748,10197.026770289101
896,61.8,9.159078E-02,10230.0134668553
897,61.85,0.1030114,10263.062426132661
898,61.9,0.117778,10296.17365511354
899,61.95,0.1131876,10329.347160607032
900,62,9.303817E-02,10362.582949238986
901,62.05,9.351772E-02,10395.881027451971
902,62.1,0.1002499,10429.241401505344
903,62.15,0.1558788,10462.664077475134
904,62.2,0.2329276,10496.149061254197
905,62.25,0.2924993,10529.696358552066
906,62.3,0.3039254,10563.305974895055
907,62.35,0.2715012,10596.977915626187
908,62.4,0.2271451,10630.712185905266
909,62.45,0.1803041,10664.508790708818
910,62.5,0.161366,10698.367734830112
911,62.55,0.1651351,10732.289022879168
912,62.6,0.1657229,10766.272659282738
913,62.65,0.1665887,10800.318648284327
914,62.7,0.1635404,10834.426993944182
915,62.75,0.1686043,10868.597700139293
916,62.8,0.1668894,10902.830770563378
917,62.85,0.1498068,10937.12620872693
918,62.9,0.1243202,10971.484017957146
919,62.95,0.1208325,11005.904201398005
920,63,0.1176999,11040.386762010194
921,63.05,0.1101357,11074.931702571175
922,63.1,0.1382372,11109.539025675122
923,63.15,0.1604914,11144.208733732976
924,63.2,0.1627553,11178.940828972416
925,63.25,0.1739111,11213.735313437843
926,63.3,0.1970201,11248.592188990444
927,63.35,0.2045118,11283.511457308108
928,63.4,0.1956696,11318.493119885481
929,63.45,0.1869278,11353.537178033956
930,63.5,0.1711095,11388.64363288168
931,63.55,0.1574302,11423.81248537351
932,63.6,0.168555,11459.043736271085
933,63.65,0.1797577,11494.33738615275
934,63.7,0.1964028,11529.693435413632
935,63.75,0.1911773,11565.111884265549
936,63.8,0.1803756,11600.592732737132
937,63.85,0.1735636,11636.135980673685
938,63.9,0.1759975,11671.741627737303
939,63.95,0.1827072,11707.409673406808
940,64,0.1929189,11743.14011697775
941,64.05,0.2039431,11778.932957562449
942,64.1,0.2086143,11814.788194089952
943,64.15,0.2086143,11850.705825306071
944,64.2,0.2086143,11886.685849773303
945,64.25,0.2086143,11922.728265870968
946,64.3,0.2086143,11958.833071795054
947,64.35,0.2086143,11995.000265558367
948,64.4,0.2086143,12031.22984499039
949,64.45,0.2086143,12067.52180773738
950,64.5,0.2086143,12103.876151262317
951,64.55,0.2086143,12140.292872844977
952,64.6,0.2086143,12176.771969581794
953,64.65,0.2086143,12213.313438386052
954,64.7,0.2086143,12249.917275987667
955,64.75,0.2086143,12286.583478933366
956,64.8,0.2086143,12323.312043586606
957,64.85,0.2086143,12360.10296612758
958,64.9,0.2086143,12396.956242553244
959,64.95,0.2086143,12433.871868677248
960,65,0.2086143,12470.849840130057
961,65.05,0.2086143,12507.89015235881
962,65.1,0.2086143,12544.992800627426
963,65.15,0.2086143,12582.15778001658
964,65.2,0.2086143,12619.385085423648
965,65.25,0.2086143,12656.67471156277
966,65.3,0.2086143,12694.026652964849
967,65.35,0.2086143,12731.440903977493
968,65.4,0.2086143,12768.917458765103
969,65.45,0.2086143,12806.45631130876
970,65.5,0.2086143,12844.057455406331
971,65.55,0.2086143,12881.720884672415
972,65.6,0.2086143,12919.446592538361
973,65.65,0.2086143,12957.234572252275
974,65.7,0.2086143,12995.084816878934
975,65.75,0.2086143,13032.997319299955
976,65.8,0.2086143,13070.972072213632
977,65.85,0.2086143,13109.009068135027
978,65.9,0.2086143,13147.108299395957
979,65.95,0.2086143,13185.269758144948
980,66,0.2086143,13223.493436347277
981,66.05,0.2086143,13261.779325785008
982,66.1,0.2086143,13300.127418056887
983,66.15,0.2086143,13338.537704578463
984,66.2,0.2086143,13377.010176581953
985,66.25,0.2086143,13415.544825116387
986,66.3,0.2086143,13454.14164104751
987,66.35,0.2086143,13492.800615057797
988,66.4,0.2086143,13531.521737646508
989,66.45,0.2086143,13570.304999129581
990,66.5,0.2086143,13609.150389639766
991,66.55,0.2086143,13648.057899126507
992,66.6,0.2086143,13687.027517356011
993,66.65,0.2086143,13726.059233911234
994,66.7,0.2086143,13765.15303819186
995,66.75,0.2086143,13804.308919414314
996,66.8,0.2086143,13843.526866611795
997,66.85,0.2086143,13882.80686863419
998,66.9,0.2086143,13922.148914148216
999,66.95,0.2086143,13961.552991637218
1000,67,0.2086143,14001.01908940138
1001,67.05,0.2086143,14040.547195557581
1002,67.1,0.2086143,14080.137298039466
1003,67.15,0.2086143,14119.789384597425
1004,67.2,0.2086143,14159.50344279853
1005,67.25,0.2086143,14199.2794600267
1006,67.3,0.2086143,14239.117423482516
1007,67.35,0.2086143,14279.017320183328
1008,67.4,0.2086143,14318.979136963255
1009,67.45,0.2086143,14359.002860473101
1010,67.5,0.2086143,14399.088477180452
1011,67.55,0.2086143,14439.235973369654
1012,67.6,0.2086143,14479.445335141736
1013,67.65,0.2086143,14519.716548414548
1014,67.7,0.2086143,14560.049598922607
1015,67.75,0.2086143,14600.444472217234
1016,67.8,0.2086143,14640.901153666451
1017,67.85,0.2086143,14681.419628455045
1018,67.9,0.2086143,14721.99988158455
1019,67.95,0.2086143,14762.64189787321
1020,68,0.2086143,14803.345661956057
1021,68.05,0.2086143,14844.111158284828
1022,68.1,0.2086143,14884.938371128032
1023,68.15,0.2086143,14925.827284570918
1024,68.2,0.2086143,14966.777882515453
1025,68.25,0.2086143,15007.79014868035
1026,68.3,0.2086143,15048.864066601105
1027,68.35,0.2086143,15089.999619629907
1028,68.4,0.2086143,15131.196790935755
1029,68.45,0.2086143,15172.455563504296
1030,68.5,0.2086143,15213.775920137985
1031,68.55,0.2086143,15255.157843456014
1032,68.6,0.2086143,15296.601315894317
1033,68.65,0.2086143,15338.10631970556
1034,68.7,0.2086143,15379.67283695914
1035,68.75,0.2086143,15421.300849541225
1036,68.8,0.2086143,15462.990339154727
1037,68.85,0.2086143,15504.741287319266
1038,68.9,0.2086143,15546.553675371255
1039,68.95,0.2086143,15588.427484463806
1040,69,0.2086143,15630.362695566775
1041,69.05,0.2086143,15672.359289466815
1042,69.1,0.2086143,15714.417246767243
1043,69.15,0.2086143,15756.536547888205
1044,69.2,0.2086143,15798.717173066514
1045,69.25,0.2086143,15840.959102355759
1046,69.3,0.2086143,15883.262315626278
1047,69.35,0.2086143,15925.626792565148
1048,69.4,0.2086143,15968.052512676193
1049,69.45,0.2086143,16010.539455279944
1050,69.5,0.2086143,16053.087599513718
1051,69.55,0.2086143,16095.696924331565
1052,69.6,0.2086143,16138.367408504266
1053,69.65,0.2086143,16181.099030619378
1054,69.7,0.2086143,16223.89176908115
1055,69.75,0.2086143,16266.745602110597
1056,69.8,0.2086143,16309.660507745499
1057,69.85,0.2086143,16352.63646384034
1058,69.9,0.2086143,16395.67344806641
1059,69.95,0.2086143,16438.771437911637
