,index,Sample,Nucleotide,Timepoint,Plate,FileNumber,filename,time,fu,nt,peak_idx,widths,loc_curated,w_curated,peak_nts,peak_area,backgd_area,peak_area_backsub,total_area,frac_intact,frac_norm
0,0,hHBB_Yellowstone_hHBB,natural,0.0,1,1,nts-Eukaryote Total RNA Nano_2020-10-21_16-07-11_Sample1.csv,[17.   17.05 17.1  ... 69.85 69.9  69.95],"[-0.07061768 -0.07061768 -0.07061768 ...  0.09526337  0.05515959
  0.016392  ]","[   18.79374       18.30293622    17.82060941 ... 10966.37701091
 10993.58437514 11020.83413384]",[110 243 370 408 531],[ 7.54044965 11.03362898  7.33427491  8.6990733  25.52667767],[110 243 408],[ 7.54044965 11.03362898  8.6990733 ],[ 23.46200583 233.88945222 923.35372053],[194.51495153 210.9979315  493.317964  ],[ 26.7816576  51.618942  211.132017 ],[167.73329393 159.3789895  282.185947  ],1232.697450500001,1.7705341706913003,1.0
1,1,hHBB_Yellowstone_hHBB,natural,0.5,1,2,nts-Eukaryote Total RNA Nano_2020-10-21_16-07-11_Sample2.csv,[17.   17.05 17.1  ... 69.85 69.9  69.95],"[-0.01259995 -0.01259995 -0.01259995 ...  0.9756446   0.1997273
 -0.2052727 ]","[   18.79374       18.30293622    17.82060941 ... 10966.37701091
 10993.58437514 11020.83413384]",[ 110  243  370  409  531 1053],[ 7.74335487 11.14634671  7.78324341  8.63313791 18.35179449  5.45265598],[110 243 409],[ 7.74335487 11.14634671  8.63313791],[ 23.46200583 233.88945222 929.26058738],[202.35548888 118.7049643  221.395804  ],[ 30.9304616  29.8423644 103.154472 ],[171.42502728  88.8625999  118.241332  ],791.1366487377609,1.3306085139649402,0.7515294175008256
2,2,hHBB_Yellowstone_hHBB,natural,1.0,1,3,nts-Eukaryote Total RNA Nano_2020-10-21_16-07-11_Sample3.csv,[17.   17.05 17.1  ... 69.85 69.9  69.95],[0.02025604 0.02025604 0.02025604 ... 0.01544855 0.03864893 0.04091336],"[   18.79374       18.30293622    17.82060941 ... 10966.37701091
 10993.58437514 11020.83413384]",[110 244 410],[ 7.78822692 11.11464382  8.92201047],[110 244 410],[ 7.78822692 11.11464382  8.92201047],[ 23.46200583 236.51300642 935.19013935],[201.20093443 106.8718096  142.626198  ],[40.93058902 35.2136988  73.321497  ],[160.27034541  71.6581108   69.304701  ],767.8472108999999,0.9671578028819604,0.5462519836622731
3,3,hHBB_Yellowstone_hHBB,natural,1.5,1,4,nts-Eukaryote Total RNA Nano_2020-10-21_16-07-11_Sample4.csv,[17.   17.05 17.1  ... 69.85 69.9  69.95],"[-0.03289413 -0.03289413 -0.03289413 ...  0.09187492  0.08547714
  0.08661778]","[   18.79374       18.30293622    17.82060941 ... 10966.37701091
 10993.58437514 11020.83413384]",[110 244 410],[ 7.87737607 11.50676993  8.98472074],[110 244 410],[ 7.87737607 11.50676993  8.98472074],[ 23.46200583 236.51300642 935.19013935],[203.45033743 107.0345808   89.661324  ],[35.7152288 31.4336508 47.983662 ],[167.73510863  75.60093     41.677662  ],655.679259089,0.5512850437157321,0.3113665089561555
4,4,hHBB_Yellowstone_hHBB,natural,2.0,1,5,nts-Eukaryote Total RNA Nano_2020-10-21_16-07-11_Sample5.csv,[17.   17.05 17.1  ... 69.85 69.9  69.95],"[-0.04101181 -0.04101181 -0.04101181 ...  0.2158575   0.2156818
  0.2287732 ]","[   18.79374       18.30293622    17.82060941 ... 10966.37701091
 10993.58437514 11020.83413384]",[110 243 369 409],[ 7.95507124 12.39651059  8.75489677  8.99214148],[110 243 409],[ 7.95507124 12.39651059  8.99214148],[ 23.46200583 233.88945222 929.26058738],[205.8353006 109.3325144  80.69304  ],[32.5744672 36.5976936 49.826691 ],[173.2608334  72.7348208  30.866349 ],720.7033079,0.4243682552662594,0.23968374194131817
5,5,hHBB_Yellowstone_hHBB,natural,3.0,1,6,nts-Eukaryote Total RNA Nano_2020-10-21_16-07-11_Sample6.csv,[17.   17.05 17.1  ... 69.85 69.9  69.95],[0.03295135 0.03295135 0.03295135 ... 0.4220729  0.3984164  0.3639968 ],"[   18.79374       18.30293622    17.82060941 ... 10966.37701091
 10993.58437514 11020.83413384]",[110 244 411],[ 7.86539048 11.98464675  7.74697196],[110 244 411],[ 7.86539048 11.98464675  7.74697196],[ 23.46200583 236.51300642 941.14240953],[205.02734812 125.936906    36.697034  ],[43.03407208 44.305404   25.894536  ],[161.99327604  81.631502    10.802498  ],702.2365969700004,0.1323324664539434,0.07474154898816471
6,6,hHBB_Yellowstone_hHBB,natural,4.0,1,7,nts-Eukaryote Total RNA Nano_2020-10-21_16-07-11_Sample7.csv,[17.   17.05 17.1  ... 69.85 69.9  69.95],[-0.108963  -0.108963  -0.108963  ...  0.1700074  0.1484496  0.1360354],"[   18.79374       18.30293622    17.82060941 ... 10966.37701091
 10993.58437514 11020.83413384]",[110 244 370],[ 7.88430134 13.39342139 13.2099577 ],[110 244 411],[ 7.86539048 11.98464675  7.74697196],[ 23.46200583 236.51300642 941.14240953],[195.3835958  99.805976   28.704472 ],[39.6031784 40.00536   21.103304 ],[155.7804174  59.800616    7.601168 ],641.2940771010003,0.12710852343059462,0.07179105918128958
7,7,hHBB_Yellowstone_hHBB,natural,5.0,1,8,nts-Eukaryote Total RNA Nano_2020-10-21_16-07-11_Sample8.csv,[17.   17.05 17.1  ... 69.85 69.9  69.95],[0.01882172 0.01882172 0.01882172 ... 0.3167401  0.3212901  0.3135225 ],"[   18.79374       18.30293622    17.82060941 ... 10966.37701091
 10993.58437514 11020.83413384]",[110 243],[ 7.92995817 13.70810934],[110 244 411],[ 7.86539048 11.98464675  7.74697196],[ 23.46200583 236.51300642 941.14240953],[200.19513163 122.997869    23.068413  ],[39.9984336 53.534424  18.433728 ],[160.19669803  69.463445     4.634685  ],711.4295904899992,0.06672120854357273,0.037684225273958774
8,8,hHBB_Yellowstone_hHBB,natural,18.0,1,9,nts-Eukaryote Total RNA Nano_2020-10-21_16-07-11_Sample9.csv,[17.   17.05 17.1  ... 69.85 69.9  69.95],"[-0.07342911 -0.07342911 -0.07342911 ...  0.03407707  0.01761556
  0.00308451]","[   18.79374       18.30293622    17.82060941 ... 10966.37701091
 10993.58437514 11020.83413384]",[110 243],[ 7.91511045 15.0454168 ],[110 244 411],[ 7.86539048 11.98464675  7.74697196],[ 23.46200583 236.51300642 941.14240953],[200.7433246  145.704996     1.53983757],[36.34256   77.379504   1.0770271],[164.4007646   68.325492     0.46281047],690.7208049477001,0.006773613403325363,0.003825745650918798
9,9,hHBB_Yellowstone_hHBB,natural,24.0,1,10,nts-Eukaryote Total RNA Nano_2020-10-21_16-07-11_Sample10.csv,[17.   17.05 17.1  ... 69.85 69.9  69.95],[-0.0316124 -0.0316124 -0.0316124 ...  0.1157186  0.1299881  0.1367963],"[   18.79374       18.30293622    17.82060941 ... 10966.37701091
 10993.58437514 11020.83413384]",[ 110  242 1008],[ 7.89417624 14.50317105 12.60835017],[110 244 411],[ 7.86539048 11.98464675  7.74697196],[ 23.46200583 236.51300642 941.14240953],[198.9950011  211.470066     2.19959479],[ 34.1207096 111.154356    2.6166768],[164.8742915  100.31571     -0.41708201],874.3068631999994,-0.004157693844762698,-0.002348270885469179
10,10,hHBB_Yellowstone_hHBB,5mC,0.0,1,11,nts-Eukaryote Total RNA Nano_2020-10-21_16-07-11_Sample11.csv,[17.   17.05 17.1  ... 69.85 69.9  69.95],[0.03866577 0.03866577 0.03866577 ... 0.02835897 0.0355103  0.04361362],"[   18.79374       18.30293622    17.82060941 ... 10966.37701091
 10993.58437514 11020.83413384]",[110 243 403 511 589],[ 8.17702021 10.7726464   7.26344915 16.91795976 22.52007272],[110 243 403],[ 8.17702021 10.7726464   7.26344915],[ 23.46200583 233.88945222 894.1585039 ],[208.75166986  47.595248   177.302956  ],[34.18962156 15.6713678  58.853456  ],[174.5620483  31.9238802 118.4495   ],562.164268492,3.710372901349253,1.0
11,11,hHBB_Yellowstone_hHBB,5mC,0.5,1,12,nts-Eukaryote Total RNA Nano_2020-10-21_16-07-11_Sample12.csv,[17.   17.05 17.1  ... 69.85 69.9  69.95],[0.05035019 0.05035019 0.05035019 ... 0.07171007 0.06493232 0.05081131],"[   18.79374       18.30293622    17.82060941 ... 10966.37701091
 10993.58437514 11020.83413384]",[110 243 404 512],[ 8.17808147 11.17839683  7.78323214 17.26508666],[110 243 404],[ 8.17808147 11.17839683  7.78323214],[ 23.46200583 233.88945222 899.95244197],[207.75799813  54.2336225  128.683302  ],[36.45064827 17.7732324  49.321624  ],[171.30734986  36.4603901   79.361678  ],571.8900717869999,2.1766546595451812,0.5866404044600625
12,12,hHBB_Yellowstone_hHBB,5mC,1.0,2,1,nts-Eukaryote Total RNA Nano_2020-10-21_16-14-00_Sample1.csv,[17.   17.05 17.1  ... 69.85 69.9  69.95],"[ 0.05903625  0.05903625  0.05903625 ... -0.0317179  -0.04168709
 -0.01584648]","[  -24.62750956   -24.39525234   -24.16228053 ... 10428.3211827
 10450.26642637 10472.22581121]",[110 242 404 513],[ 7.93282902 10.26857269  8.52100439 14.3442936 ],[110 242 404],[ 7.93282902 10.26857269  8.52100439],[ 23.19126839 235.99117128 923.50002009],[180.9896628  47.2624958  96.723788 ],[28.5051368 18.8257333 41.480586 ],[152.484526   28.4367625  55.243202 ],524.35402467,1.942668473599975,0.5235776902352689
13,13,hHBB_Yellowstone_hHBB,5mC,1.5,2,2,nts-Eukaryote Total RNA Nano_2020-10-21_16-14-00_Sample2.csv,[17.   17.05 17.1  ... 69.85 69.9  69.95],"[-0.01742172 -0.01742172 -0.01742172 ...  0.02875663  0.01948198
  0.02596241]","[  -24.62750956   -24.39525234   -24.16228053 ... 10428.3211827
 10450.26642637 10472.22581121]",[110 242 404],[ 7.75096462 10.33976121  9.14826666],[110 242 404],[ 7.75096462 10.33976121  9.14826666],[ 23.19126839 235.99117128 923.50002009],[185.05598784  48.8073052   82.895802  ],[32.91065353 20.3860866  40.64885   ],[152.14533431  28.4212186   42.246952  ],541.9063117000003,1.4864581492645774,0.40062230637897245
14,14,hHBB_Yellowstone_hHBB,5mC,2.0,2,3,nts-Eukaryote Total RNA Nano_2020-10-21_16-14-00_Sample3.csv,[17.   17.05 17.1  ... 69.85 69.9  69.95],"[ 0.02267075  0.02267075  0.02267075 ... -0.1046754  -0.09341799
 -0.09310076]","[  -24.62750956   -24.39525234   -24.16228053 ... 10428.3211827
 10450.26642637 10472.22581121]",[110 242 404],[ 8.02212822 10.86813396  9.62108357],[110 242 404],[ 8.02212822 10.86813396  9.62108357],[ 23.19126839 235.99117128 923.50002009],[186.50059603  60.5433059   79.910172  ],[24.34610848 26.167152   42.3421    ],[162.15448756  34.3761539   37.568072  ],592.5559016500004,1.0928526823938844,0.29453985123610504
15,15,hHBB_Yellowstone_hHBB,5mC,3.0,2,4,nts-Eukaryote Total RNA Nano_2020-10-21_16-14-00_Sample4.csv,[17.   17.05 17.1  ... 69.85 69.9  69.95],"[-0.00444412 -0.00444412 -0.00444412 ...  0.1949266   0.2089586
  0.2155013 ]","[  -24.62750956   -24.39525234   -24.16228053 ... 10428.3211827
 10450.26642637 10472.22581121]",[110 242 404],[ 8.00181321 13.66335554  8.66387023],[110 242 404],[ 8.00181321 13.66335554  8.66387023],[ 23.19126839 235.99117128 923.50002009],[188.32194821  78.7526773   59.877592  ],[25.72989471 36.7548762  37.462032  ],[162.5920535  41.9978011  22.41556  ],650.6584795999994,0.5337317529226546,0.1438485476024705
16,16,hHBB_Yellowstone_hHBB,5mC,4.0,2,5,nts-Eukaryote Total RNA Nano_2020-10-21_16-14-00_Sample5.csv,[17.   17.05 17.1  ... 69.85 69.9  69.95],"[-0.01612854 -0.01612854 -0.01612854 ... -0.05567901 -0.04668883
 -0.06273418]","[  -24.62750956   -24.39525234   -24.16228053 ... 10428.3211827
 10450.26642637 10472.22581121]",[110 242 404],[ 8.1618237  13.89110381  8.19805562],[110 242 404],[ 8.1618237  13.89110381  8.19805562],[ 23.19126839 235.99117128 923.50002009],[191.10819592  84.675073    44.082301  ],[26.20332045 39.419296   30.29688   ],[164.90487547  45.255777    13.785421  ],642.8241329200001,0.3046112985752071,0.08209721951786494
17,17,hHBB_Yellowstone_hHBB,5mC,5.0,2,6,nts-Eukaryote Total RNA Nano_2020-10-21_16-14-00_Sample6.csv,[17.   17.05 17.1  ... 69.85 69.9  69.95],[0.02908325 0.02908325 0.02908325 ... 0.2021689  0.2110017  0.2173815 ],"[  -24.62750956   -24.39525234   -24.16228053 ... 10428.3211827
 10450.26642637 10472.22581121]",[110 242],[ 8.10569551 14.7527263 ],[110 242 404],[ 8.1618237  13.89110381  8.19805562],[ 23.19126839 235.99117128 923.50002009],[194.25075449  92.448316    34.237912  ],[25.31747601 46.3624     26.168616  ],[168.93327848  46.085916     8.069296  ],656.4915332700002,0.17509245123824832,0.04718998760867865
18,18,hHBB_Yellowstone_hHBB,5mC,18.0,2,7,nts-Eukaryote Total RNA Nano_2020-10-21_16-14-00_Sample7.csv,[17.   17.05 17.1  ... 69.85 69.9  69.95],[-0.1175804 -0.1175804 -0.1175804 ...  0.1457512  0.1598672  0.1903958],"[  -24.62750956   -24.39525234   -24.16228053 ... 10428.3211827
 10450.26642637 10472.22581121]",[110 241],[ 7.9736013  17.02399295],[110 242 404],[ 8.1618237  13.89110381  8.19805562],[ 23.19126839 235.99117128 923.50002009],[183.80754015 119.494224     2.9554423 ],[22.4590734 73.440556   3.3900633],[161.34846675  46.053668    -0.434621  ],633.5626815999992,-0.009437272184269891,-0.0025434834813606168
19,19,hHBB_Yellowstone_hHBB,5mC,24.0,2,8,nts-Eukaryote Total RNA Nano_2020-10-21_16-14-00_Sample8.csv,[17.   17.05 17.1  ... 69.85 69.9  69.95],"[-0.05582809 -0.05582809 -0.05582809 ...  0.05235564  0.0739739
  0.07810459]","[  -24.62750956   -24.39525234   -24.16228053 ... 10428.3211827
 10450.26642637 10472.22581121]",[110 241],[ 7.97894653 17.02626613],[110 242 404],[ 8.1618237  13.89110381  8.19805562],[ 23.19126839 235.99117128 923.50002009],[184.41743423 114.902348     1.74237472],[25.4658402  72.098726    1.25573787],[158.95159403  42.803622     0.48663685],626.3110496400004,0.01136905774002021,0.0030641280653720617
20,20,hHBB_Yellowstone_hHBB,PSU,0.0,6,11,nts-Eukaryote Total RNA Nano_2020-10-21_17-06-53_Sample11.csv,[17.   17.05 17.1  ... 69.85 69.9  69.95],"[-0.06289673 -0.06289673 -0.06289673 ...  0.09083916  0.1297517
  0.1309362 ]","[   37.66225132    36.88617102    36.12106069 ... 10825.95847135
 10852.97998341 10880.04542984]",[110 243 396 505],[ 7.44043928 11.28495119  8.08234998 10.69964964],[110 243 396],[ 7.44043928 11.28495119  8.08234998],[ 23.46689634 231.77772345 854.67889417],[117.22763024  47.9187692  407.254604  ],[18.34213703 13.8022836  70.488189  ],[ 98.88549321  34.1164856  336.766415  ],684.5480285164598,9.8710757886504,1.0
21,21,hHBB_Yellowstone_hHBB,PSU,0.5,6,12,nts-Eukaryote Total RNA Nano_2020-10-21_17-06-53_Sample12.csv,[17.   17.05 17.1  ... 69.85 69.9  69.95],[0.02863312 0.02863312 0.02863312 ... 0.1638402  0.1799665  0.1895335 ],"[   37.66225132    36.88617102    36.12106069 ... 10825.95847135
 10852.97998341 10880.04542984]",[110 244 396 504],[ 7.28573758 11.40175343  8.22385454 12.6823067 ],[110 244 396],[ 7.28573758 11.40175343  8.22385454],[ 23.46689634 234.42344415 854.67889417],[118.60248983  67.0809517  390.769874  ],[15.71228192 19.420956   74.680722  ],[102.89020791  47.6599957  316.089152  ],778.4138007789999,6.632169125436997,0.671879060341382
22,22,hHBB_Yellowstone_hHBB,PSU,1.0,7,1,nts-Eukaryote Total RNA Nano_2020-10-21_17-37-08_Sample1.csv,[17.   17.05 17.1  ... 69.85 69.9  69.95],"[-0.1312637  -0.1312637  -0.1312637  ... -0.08113862 -0.0805735
 -0.09599926]","[   66.85385734    65.58818767    64.33860826 ... 11677.17130628
 11708.75432483 11740.40069836]",[110 242 397],[ 8.03294885 10.63472253  8.59160562],[110 242 397],[ 8.03294885 10.63472253  8.59160562],[ 23.72265504 232.91504145 880.27169363],[208.11674477  56.3652284  304.45013   ],[27.9292743 20.7818809 77.137254 ],[180.18747047  35.5833475  227.312876  ],792.0193548680002,6.388181325548419,0.6471616126069506
23,23,hHBB_Yellowstone_hHBB,PSU,1.5,7,2,nts-Eukaryote Total RNA Nano_2020-10-21_17-37-08_Sample2.csv,[17.   17.05 17.1  ... 69.85 69.9  69.95],[-0.1975937 -0.1975937 -0.1975937 ... -0.1183635 -0.1423849 -0.1734148],"[   66.85385734    65.58818767    64.33860826 ... 11677.17130628
 11708.75432483 11740.40069836]",[110 242 397],[ 8.07184017 11.07355509  8.46365681],[110 242 397],[ 8.07184017 11.07355509  8.46365681],[ 23.72265504 232.91504145 880.27169363],[213.3576732  64.3377691 263.616501 ],[27.152946  22.3649316 65.567151 ],[186.2047272  41.9728375 198.04935  ],753.9964098554001,4.718512299770058,0.4780139876137235
24,24,hHBB_Yellowstone_hHBB,PSU,2.0,7,3,nts-Eukaryote Total RNA Nano_2020-10-21_17-37-08_Sample3.csv,[17.   17.05 17.1  ... 69.85 69.9  69.95],"[ 0.03570938  0.03570938  0.03570938 ... -0.00786387 -0.01981453
 -0.03217534]","[   66.85385734    65.58818767    64.33860826 ... 11677.17130628
 11708.75432483 11740.40069836]",[110 243 397],[ 8.10220381 11.02718977  8.45326078],[110 243 397],[ 8.10220381 11.02718977  8.45326078],[ 23.72265504 235.63722018 880.27169363],[217.4298352  66.2678309 226.514707 ],[35.08473771 24.4669368  70.013601  ],[182.34509749  41.8008941  156.501106  ],794.2375792280002,3.743965514842897,0.37928647241748936
25,25,hHBB_Yellowstone_hHBB,PSU,3.0,7,4,nts-Eukaryote Total RNA Nano_2020-10-21_17-37-08_Sample4.csv,[17.   17.05 17.1  ... 69.85 69.9  69.95],"[-0.03306961 -0.03306961 -0.03306961 ...  0.03835091  0.03904183
  0.05593933]","[   66.85385734    65.58818767    64.33860826 ... 11677.17130628
 11708.75432483 11740.40069836]",[110 242 362 396],[ 8.11334562 11.32593859  8.89975796  8.73693798],[110 242 396],[ 8.11334562 11.32593859  8.73693798],[ 23.72265504 232.91504145 874.54166208],[219.61382549  84.637286   205.471103  ],[29.22951733 36.374556   71.752995  ],[190.38430816  48.26273    133.718108  ],897.2385099080001,2.7706287646803243,0.2806815411007124
26,26,hHBB_Yellowstone_hHBB,PSU,4.0,7,5,nts-Eukaryote Total RNA Nano_2020-10-21_17-37-08_Sample5.csv,[17.   17.05 17.1  ... 69.85 69.9  69.95],[-0.1671371 -0.1671371 -0.1671371 ...  0.2044338  0.2075036  0.2178826],"[   66.85385734    65.58818767    64.33860826 ... 11677.17130628
 11708.75432483 11740.40069836]",[110 243 361 397],[ 8.11681032 11.09580729  8.80227959  8.876894  ],[110 243 397],[ 8.11681032 11.09580729  8.876894  ],[ 23.72265504 235.63722018 880.27169363],[220.99918212  94.260361   153.614661  ],[36.75109401 41.502324   59.733144  ],[184.24808811  52.758037    93.881517  ],884.8738063369999,1.779473277218407,0.1802714633459117
27,27,hHBB_Yellowstone_hHBB,PSU,5.0,7,6,nts-Eukaryote Total RNA Nano_2020-10-21_17-37-08_Sample6.csv,[17.   17.05 17.1  ... 69.85 69.9  69.95],"[-0.08594131 -0.08594131 -0.08594131 ... -0.08767341 -0.08110214
 -0.05391178]","[   66.85385734    65.58818767    64.33860826 ... 11677.17130628
 11708.75432483 11740.40069836]",[110 243 361 397],[ 8.32764891 11.55582946  9.02855134  9.26809917],[110 243 397],[ 8.32764891 11.55582946  9.26809917],[ 23.72265504 235.63722018 880.27169363],[221.43948683 102.362513   132.274255  ],[39.20847597 44.193684   54.71237   ],[182.23101086  58.168829    77.561885  ],893.9429692319998,1.3333925804145033,0.13508077629670479
28,28,hHBB_Yellowstone_hHBB,PSU,18.0,7,7,nts-Eukaryote Total RNA Nano_2020-10-21_17-37-08_Sample7.csv,[17.   17.05 17.1  ... 69.85 69.9  69.95],"[-0.01794052 -0.01794052 -0.01794052 ...  0.3265089   0.3263974
  0.3287765 ]","[   66.85385734    65.58818767    64.33860826 ... 11677.17130628
 11708.75432483 11740.40069836]",[110 243],[ 8.06285799 15.88611548],[110 243 397],[ 8.32764891 11.55582946  9.26809917],[ 23.72265504 235.63722018 880.27169363],[209.83574848 145.857654    12.1672736 ],[36.11591487 83.34432    11.43473   ],[173.71983361  62.513334     0.7325436 ],847.1472620400002,0.011718197592852744,0.0011871246704767615
29,29,hHBB_Yellowstone_hHBB,PSU,24.0,7,8,nts-Eukaryote Total RNA Nano_2020-10-21_17-37-08_Sample8.csv,[17.   17.05 17.1  ... 69.85 69.9  69.95],[0.03736877 0.03736877 0.03736877 ... 0.1831316  0.1732585  0.1631501 ],"[   66.85385734    65.58818767    64.33860826 ... 11677.17130628
 11708.75432483 11740.40069836]",[110 241],[ 8.1622132  17.32923691],[110 243 397],[ 8.32764891 11.55582946  9.26809917],[ 23.72265504 235.63722018 880.27169363],[213.4766441 137.76709     3.4683912],[23.714433  84.829056   3.4487434],[1.89762211e+02 5.29380340e+01 1.96478000e-02],790.7610649699997,0.000371147141580689,3.7599462259972505e-05
30,30,hHBB_LinearDesign_hHBB,5mC,0.0,9,6,nts-Eukaryote Total RNA Nano_2020-10-22_10-58-16_Sample6.csv,[17.   17.05 17.1  ... 69.85 69.9  69.95],"[ 0.1589432   0.1589432   0.1589432  ...  0.0005617  -0.00170905
  0.00517591]","[   25.00044755    24.38555415    23.78071439 ... 11283.60648849
 11312.72946375 11341.90324546]",[110 244 415 551],[ 7.69862988 11.48165738  9.38169103 22.55983116],[110 244 415],[ 7.69862988 11.48165738  9.38169103],[ 23.3095643  237.86766939 966.5429956 ],[149.92961621  38.6552985   72.628394  ],[26.35101064 12.013428   31.83949   ],[123.57860557  26.6418705   40.788904  ],342.9353409439999,1.5310075169083945,1.0
31,31,hHBB_LinearDesign_hHBB,5mC,0.5,2,9,nts-Eukaryote Total RNA Nano_2020-10-21_16-14-00_Sample9.csv,[17.   17.05 17.1  ... 69.85 69.9  69.95],"[-0.07277298 -0.07277298 -0.07277298 ...  0.1491573   0.1489211
  0.1483693 ]","[  -24.62750956   -24.39525234   -24.16228053 ... 10428.3211827
 10450.26642637 10472.22581121]",[110 243 412 546],[ 8.18622403 10.77397822  8.27601328 14.2123906 ],[110 243 412],[ 8.18622403 10.77397822  8.27601328],[ 23.19126839 238.60782163 972.78583023],[185.5038361  35.8832116 105.99299  ],[33.0829691 11.686906  38.316123 ],[152.42086699  24.1963056   67.676867  ],396.24355448700004,2.7969917440619536,1.826896153788974
32,32,hHBB_LinearDesign_hHBB,5mC,1.0,2,11,nts-Eukaryote Total RNA Nano_2020-10-21_16-14-00_Sample11.csv,[17.   17.05 17.1  ... 69.85 69.9  69.95],"[-0.09726715 -0.09726715 -0.09726715 ...  0.2771806   0.2907511
  0.288329  ]","[  -24.62750956   -24.39525234   -24.16228053 ... 10428.3211827
 10450.26642637 10472.22581121]",[110 242 411 544],[ 8.23690019 11.36844467  9.04787144 12.46645182],[110 242 411],[ 8.23690019 11.36844467  9.04787144],[ 23.19126839 235.99117128 966.53916236],[184.65921085  47.9746128  108.938354  ],[27.25252605 15.7062552  49.71703   ],[157.4066848  32.2683576  59.221324 ],471.0948287000003,1.8352754340369644,1.198737049797761
33,33,hHBB_LinearDesign_hHBB,5mC,1.5,2,12,nts-Eukaryote Total RNA Nano_2020-10-21_16-14-00_Sample12.csv,[17.   17.05 17.1  ... 69.85 69.9  69.95],[0.03501511 0.03501511 0.03501511 ... 0.05112907 0.04565104 0.03750517],"[  -24.62750956   -24.39525234   -24.16228053 ... 10428.3211827
 10450.26642637 10472.22581121]",[110 242 412 545],[ 8.29429443 11.01323055 10.35018391 14.10806373],[110 242 412],[ 8.29429443 11.01323055 10.35018391],[ 23.19126839 235.99117128 972.78583023],[182.78501747  39.5293803   90.969545  ],[29.65656351 13.6498416  43.52744   ],[153.12845396  25.8795387   47.442105  ],404.85284534999977,1.8331897469254355,1.1973747526904674
34,34,hHBB_LinearDesign_hHBB,5mC,2.0,3,1,nts-Eukaryote Total RNA Nano_2020-10-21_16-34-50_Sample1.csv,[17.   17.05 17.1  ... 69.85 69.9  69.95],"[-0.1304169  -0.1304169  -0.1304169  ...  0.08274926  0.07348959
  0.06411071]","[  -18.12202321   -18.02465144   -17.92464422 ... 10824.08119312
 10848.86336397 10873.67276466]",[110 243 414 549],[ 7.80598915 10.52212553  9.53950982 14.44120166],[110 243 414],[ 7.80598915 10.52212553  9.53950982],[ 23.20820135 238.11136371 972.88762911],[192.3717771  46.3475981  91.165659 ],[34.5021952 16.6059476 47.54175  ],[157.8695819  29.7416505  43.623909 ],473.4312283499999,1.4667615369900193,0.9580367965481261
35,35,hHBB_LinearDesign_hHBB,5mC,3.0,3,2,nts-Eukaryote Total RNA Nano_2020-10-21_16-34-50_Sample2.csv,[17.   17.05 17.1  ... 69.85 69.9  69.95],[0.07785034 0.07785034 0.07785034 ... 0.1505688  0.1596709  0.1637377 ],"[  -18.12202321   -18.02465144   -17.92464422 ... 10824.08119312
 10848.86336397 10873.67276466]",[110 242 414 549],[ 7.7565064  10.78386686 11.00352661 16.00252566],[110 242 414],[ 7.7565064  10.78386686 11.00352661],[ 23.20820135 235.51444524 972.88762911],[200.63019655  59.9352121  101.232675  ],[33.552524  22.5149001 58.955184 ],[167.07767255  37.420312    42.277491  ],535.1934800899999,1.1298006013418593,0.7379458225151609
36,36,hHBB_LinearDesign_hHBB,5mC,4.0,3,3,nts-Eukaryote Total RNA Nano_2020-10-21_16-34-50_Sample3.csv,[17.   17.05 17.1  ... 69.85 69.9  69.95],"[-0.03601074 -0.03601074 -0.03601074 ...  0.3422873   0.3262016
  0.3088643 ]","[  -18.12202321   -18.02465144   -17.92464422 ... 10824.08119312
 10848.86336397 10873.67276466]",[110 243 414 550],[ 7.88562585 10.8632281  11.83965894 14.359724  ],[110 243 414],[ 7.88562585 10.8632281  11.83965894],[ 23.20820135 238.11136371 972.88762911],[197.24055977  65.3184252  100.393409  ],[38.44274056 21.3773516  64.005852  ],[158.79781921  43.9410736   36.387557  ],543.3093386599994,0.8280989520474524,0.5408849681676647
37,37,hHBB_LinearDesign_hHBB,5mC,5.0,3,4,nts-Eukaryote Total RNA Nano_2020-10-21_16-34-50_Sample4.csv,[17.   17.05 17.1  ... 69.85 69.9  69.95],"[-0.1448898  -0.1448898  -0.1448898  ...  0.05103167  0.04803278
  0.04534839]","[  -18.12202321   -18.02465144   -17.92464422 ... 10824.08119312
 10848.86336397 10873.67276466]",[110 242 414 552],[ 7.96035866 10.90017823 13.29502084 19.44909992],[110 242 414],[ 7.96035866 10.90017823 13.29502084],[ 23.20820135 235.51444524 972.88762911],[200.116979   54.5289945  99.488057 ],[34.4931064 18.4770729 65.99019  ],[165.6238726  36.0519216  33.497867 ],516.2690394096003,0.9291562145192283,0.6068920003707747
38,38,hHBB_LinearDesign_hHBB,5mC,18.0,3,5,nts-Eukaryote Total RNA Nano_2020-10-21_16-34-50_Sample5.csv,[17.   17.05 17.1  ... 69.85 69.9  69.95],[-0.0171051 -0.0171051 -0.0171051 ...  0.238948   0.2661284  0.2871039],"[  -18.12202321   -18.02465144   -17.92464422 ... 10824.08119312
 10848.86336397 10873.67276466]",[110 242 369],[ 7.95449954 11.30011851 32.84909097],[110 242 414],[ 7.96035866 10.90017823 13.29502084],[ 23.20820135 235.51444524 972.88762911],[203.30786577  66.760373    49.909055  ],[35.0621096 26.8310053 51.03049  ],[168.24575616  39.9293677   -1.121435  ],646.0892230000005,-0.02808546853097314,-0.018344435426213255
39,39,hHBB_LinearDesign_hHBB,5mC,24.0,3,6,nts-Eukaryote Total RNA Nano_2020-10-21_16-34-50_Sample6.csv,[17.   17.05 17.1  ... 69.85 69.9  69.95],[0.02071762 0.02071762 0.02071762 ... 0.05956082 0.07075639 0.07437118],"[  -18.12202321   -18.02465144   -17.92464422 ... 10824.08119312
 10848.86336397 10873.67276466]",[110 243 368 747],[ 8.01241002 11.37401532 30.97393092  6.47686164],[110 242 414],[ 7.96035866 10.90017823 13.29502084],[ 23.20820135 235.51444524 972.88762911],[202.95625999  76.2773128   43.052185  ],[45.48174408 31.9271018  48.081166  ],[157.47451591  44.350211    -5.028981  ],698.5300068000003,-0.11339249321722529,-0.07406396896483033
40,40,hHBB_LinearDesign_hHBB,PSU,0.0,7,9,nts-Eukaryote Total RNA Nano_2020-10-21_17-37-08_Sample9.csv,[17.   17.05 17.1  ... 69.85 69.9  69.95],[-0.0198288 -0.0198288 -0.0198288 ...  0.1566807  0.1669379  0.1750032],"[   66.85385734    65.58818767    64.33860826 ... 11677.17130628
 11708.75432483 11740.40069836]",[110 242 402 536],[ 8.23765386 11.46913205  6.76080005  7.66859673],[110 242 402],[ 8.23765386 11.46913205  6.76080005],[ 23.72265504 232.91504145 909.2476468 ],[217.04521236  51.7913063  226.108235  ],[35.05289706 17.2566756  64.406741  ],[181.9923153  34.5346307 161.701494 ],637.2704341749994,4.682299787847449,1.0
41,41,hHBB_LinearDesign_hHBB,PSU,0.5,7,10,nts-Eukaryote Total RNA Nano_2020-10-21_17-37-08_Sample10.csv,[17.   17.05 17.1  ... 69.85 69.9  69.95],"[-0.03268814 -0.03268814 -0.03268814 ... -0.03126876 -0.01719962
 -0.00997543]","[   66.85385734    65.58818767    64.33860826 ... 11677.17130628
 11708.75432483 11740.40069836]",[110 242 402 536],[ 8.46752008 11.54985626  6.85048655  8.073125  ],[110 242 402],[ 8.46752008 11.54985626  6.85048655],[ 23.72265504 232.91504145 909.2476468 ],[220.28898717  60.2398692  254.534403  ],[41.81876919 18.4613112  74.967193  ],[178.47021798  41.778558   179.56721   ],695.5949034360001,4.2980710344287125,0.9179401638451317
42,42,hHBB_LinearDesign_hHBB,PSU,1.0,7,11,nts-Eukaryote Total RNA Nano_2020-10-21_17-37-08_Sample11.csv,[17.   17.05 17.1  ... 69.85 69.9  69.95],"[-0.02360153 -0.02360153 -0.02360153 ...  0.3247226   0.2992426
  0.2936531 ]","[   66.85385734    65.58818767    64.33860826 ... 11677.17130628
 11708.75432483 11740.40069836]",[110 241 400 532],[ 8.37832008 11.42501606  7.08793612  8.82210965],[110 241 400],[ 8.37832008 11.42501606  7.08793612],[ 23.72265504 230.21062271 897.59197602],[223.9933876  58.5120729 251.339573 ],[31.7413485 17.6804148 77.422728 ],[192.2520391  40.8316581 173.916845 ],687.7517209548001,4.259362785955538,0.9096732330147652
43,43,hHBB_LinearDesign_hHBB,PSU,1.5,7,12,nts-Eukaryote Total RNA Nano_2020-10-21_17-37-08_Sample12.csv,[17.   17.05 17.1  ... 69.85 69.9  69.95],"[-0.05870438 -0.05870438 -0.05870438 ...  0.173655    0.2140694
  0.2557124 ]","[   66.85385734    65.58818767    64.33860826 ... 11677.17130628
 11708.75432483 11740.40069836]",[110 241 401 533],[ 8.44649704 11.56479516  7.25318506  9.04869896],[110 241 401],[ 8.44649704 11.56479516  7.25318506],[ 23.72265504 230.21062271 903.40890801],[226.10105301  56.6789371  246.467312  ],[43.36605261 19.2050772  75.828896  ],[182.7350004  37.4738599 170.638416 ],704.7659639520001,4.553531887437086,0.9724990055646223
44,44,hHBB_LinearDesign_hHBB,PSU,2.0,8,1,nts-Eukaryote Total RNA Nano_2020-10-21_17-42-16_Sample1.csv,[17.   17.05 17.1  ... 69.85 69.9  69.95],"[-0.04886627 -0.04886627 -0.04886627 ... -0.00404073 -0.00799155
  0.00016864]","[7.98179948e+00 7.69897464e+00 7.42190718e+00 ... 1.03910727e+04
 1.04144290e+04 1.04378103e+04]",[110 243 407 541],[ 7.70917132 11.01089688  7.19532959  8.84975964],[110 243 407],[ 7.70917132 11.01089688  7.19532959],[ 23.42617456 234.42514301 928.75106912],[173.38810139  44.8379806  165.766813  ],[37.378676  13.3589964 52.664696 ],[136.00942539  31.4789842  113.102117  ],497.83846917100004,3.5929404926604955,0.7673452481589704
45,45,hHBB_LinearDesign_hHBB,PSU,3.0,8,2,nts-Eukaryote Total RNA Nano_2020-10-21_17-42-16_Sample2.csv,[17.   17.05 17.1  ... 69.85 69.9  69.95],[0.00727081 0.00727081 0.00727081 ... 0.1711303  0.2081202  0.2584592 ],"[7.98179948e+00 7.69897464e+00 7.42190718e+00 ... 1.03910727e+04
 1.04144290e+04 1.04378103e+04]",[110 242 405 540],[ 7.73219971 11.55439751  7.38285917 10.1402788 ],[110 242 405],[ 7.73219971 11.55439751  7.38285917],[ 23.42617456 231.80421738 916.82088176],[177.41906449  51.3512413  169.85082   ],[29.619778  20.8918116 65.935832 ],[147.79928649  30.4594297  103.914988  ],576.9814431499998,3.4115867901492587,0.7286134901066718
46,46,hHBB_LinearDesign_hHBB,PSU,4.0,8,3,nts-Eukaryote Total RNA Nano_2020-10-21_17-42-16_Sample3.csv,[17.   17.05 17.1  ... 69.85 69.9  69.95],"[ 0.0008049   0.0008049   0.0008049  ... -0.01887636 -0.02824084
 -0.03123817]","[7.98179948e+00 7.69897464e+00 7.42190718e+00 ... 1.03910727e+04
 1.04144290e+04 1.04378103e+04]",[110 242 405 538],[ 7.66983961 11.36863679  7.44311762  9.68740579],[110 242 405],[ 7.66983961 11.36863679  7.44311762],[ 23.42617456 231.80421738 916.82088176],[178.69829531  67.2728959  214.341276  ],[33.53859208 24.662814   81.343168  ],[145.15970323  42.6100819  132.998108  ],699.2180339000001,3.1212826183279403,0.6666131516031909
47,47,hHBB_LinearDesign_hHBB,PSU,5.0,8,4,nts-Eukaryote Total RNA Nano_2020-10-21_17-42-16_Sample4.csv,[17.   17.05 17.1  ... 69.85 69.9  69.95],"[-0.04526138 -0.04526138 -0.04526138 ...  0.1043713   0.1002756
  0.07877515]","[7.98179948e+00 7.69897464e+00 7.42190718e+00 ... 1.03910727e+04
 1.04144290e+04 1.04378103e+04]",[110 243 406 540],[ 7.8575979  11.56469043  7.93149072 11.56925197],[110 243 406],[ 7.8575979  11.56469043  7.93149072],[ 23.42617456 234.42514301 922.77445791],[178.69860803  60.3526577  180.952447  ],[37.99382664 21.002424   74.033504  ],[140.70478139  39.3502337  106.918943  ],650.7435873399996,2.7171107499674148,0.5802940591329645
48,48,hHBB_LinearDesign_hHBB,PSU,18.0,8,5,nts-Eukaryote Total RNA Nano_2020-10-21_17-42-16_Sample5.csv,[17.   17.05 17.1  ... 69.85 69.9  69.95],"[-0.04816437 -0.04816437 -0.03858602 ...  0.06619756  0.08165456
  0.08449223]","[7.98179948e+00 7.69897464e+00 7.42190718e+00 ... 1.03910727e+04
 1.04144290e+04 1.04378103e+04]",[110 242 383],[ 7.94010099 11.52588486 44.96967138],[110 243 406],[ 7.8575979  11.56469043  7.93149072],[ 23.42617456 234.42514301 922.77445791],[184.61824441  65.336563    92.005978  ],[32.18758384 22.7985156  63.1484    ],[152.43066057  42.5380474   28.857578  ],700.3720204,0.6783945141779122,0.14488489522576775
49,49,hHBB_LinearDesign_hHBB,PSU,24.0,8,6,nts-Eukaryote Total RNA Nano_2020-10-21_17-42-16_Sample6.csv,[17.   17.05 17.1  ... 69.85 69.9  69.95],"[-0.03816223 -0.03816223 -0.03816223 ...  0.1258554   0.1233921
  0.1160717 ]","[7.98179948e+00 7.69897464e+00 7.42190718e+00 ... 1.03910727e+04
 1.04144290e+04 1.04378103e+04]",[110 242 383],[ 7.88086641 11.64334359 45.68717123],[110 243 406],[ 7.8575979  11.56469043  7.93149072],[ 23.42617456 234.42514301 922.77445791],[182.8586627  60.8767473  62.946686 ],[35.6437632 20.7777132 50.613104 ],[147.2148995  40.0990341  12.333582 ],661.3706528100003,0.30757803216013085,0.06568952140963424
50,50,hHBB_Nluc_hHBB,5mC,0.0,3,7,nts-Eukaryote Total RNA Nano_2020-10-21_16-34-50_Sample7.csv,[17.   17.05 17.1  ... 69.85 69.9  69.95],[0.01672363 0.01672363 0.01672363 ... 0.166636   0.1611127  0.1569814 ],"[  -18.12202321   -18.02465144   -17.92464422 ... 10824.08119312
 10848.86336397 10873.67276466]",[110 242 380],[ 7.97416311 10.43887978 16.34076878],[110 242 380],[ 7.97416311 10.43887978 16.34076878],[ 23.20820135 235.51444524 776.2247992 ],[197.76351132  66.0725701  298.086179  ],[32.70476656 23.8543063  63.30579   ],[165.05874476  42.2182638  234.780389  ],753.6377510389998,5.561109526252,1.0
51,51,hHBB_Nluc_hHBB,5mC,0.5,3,8,nts-Eukaryote Total RNA Nano_2020-10-21_16-34-50_Sample8.csv,[17.   17.05 17.1  ... 69.85 69.9  69.95],"[-0.02672577 -0.02672577 -0.02672577 ...  0.115141    0.1288621
  0.1348391 ]","[  -18.12202321   -18.02465144   -17.92464422 ... 10824.08119312
 10848.86336397 10873.67276466]",[110 242 380],[ 7.96605572 10.12332204 16.88750398],[110 242 380],[ 7.96605572 10.12332204 16.88750398],[ 23.20820135 235.51444524 776.2247992 ],[195.9379686  76.2464863 238.830084 ],[38.6090744 28.05891   74.876347 ],[157.3288942  48.1875763 163.953737 ],743.2039518599998,3.4024067942176233,0.6118215759204315
52,52,hHBB_Nluc_hHBB,5mC,1.0,3,9,nts-Eukaryote Total RNA Nano_2020-10-21_16-34-50_Sample9.csv,[17.   17.05 17.1  ... 69.85 69.9  69.95],"[-0.05677032 -0.05677032 -0.05677032 ...  0.09901772  0.1176737
  0.1238141 ]","[  -18.12202321   -18.02465144   -17.92464422 ... 10824.08119312
 10848.86336397 10873.67276466]",[110 242 379],[ 7.98066702 10.19301021 17.18961635],[110 242 379],[ 7.98066702 10.19301021 17.18961635],[ 23.20820135 235.51444524 770.85162592],[199.95844304  72.4488216  181.350637  ],[37.4203156 30.3289096 70.7634792],[162.53812744  42.119912   110.5871578 ],698.2307049999998,2.625531549068763,0.4721236898274655
53,53,hHBB_Nluc_hHBB,5mC,1.5,3,10,nts-Eukaryote Total RNA Nano_2020-10-21_16-34-50_Sample10.csv,[17.   17.05 17.1  ... 69.85 69.9  69.95],"[-0.05279541 -0.05279541 -0.05279541 ...  0.05877215  0.08961077
  0.08899226]","[  -18.12202321   -18.02465144   -17.92464422 ... 10824.08119312
 10848.86336397 10873.67276466]",[110 241 378 662],[ 8.03729201 10.194195   17.93120984  5.66965018],[110 241 378],[ 8.03729201 10.194195   17.93120984],[ 23.20820135 232.9346756  765.50150664],[209.30465477  84.808819   152.816256  ],[26.75787975 37.111624   77.3425854 ],[182.54677502  47.697195    75.4736706 ],743.5716746999994,1.5823502954419009,0.28453859575543217
54,54,hHBB_Nluc_hHBB,5mC,2.0,3,11,nts-Eukaryote Total RNA Nano_2020-10-21_16-34-50_Sample11.csv,[17.   17.05 17.1  ... 69.85 69.9  69.95],"[-0.1079025  -0.1079025  -0.1079025  ...  0.05677413  0.06164265
  0.07031229]","[  -18.12202321   -18.02465144   -17.92464422 ... 10824.08119312
 10848.86336397 10873.67276466]",[110 242 379],[ 8.08203997  9.86252148 19.39151393],[110 242 379],[ 8.08203997  9.86252148 19.39151393],[ 23.20820135 235.51444524 770.85162592],[205.57235557  91.73076    168.5874845 ],[34.5954582 43.83911   83.737076 ],[170.97689737  47.89165     84.8504085 ],808.7358662000001,1.7717161237919337,0.31859040276554496
55,55,hHBB_Nluc_hHBB,5mC,3.0,3,12,nts-Eukaryote Total RNA Nano_2020-10-21_16-34-50_Sample12.csv,[17.   17.05 17.1  ... 69.85 69.9  69.95],"[-0.08815002 -0.08815002 -0.08815002 ...  0.05285282  0.07274175
  0.06670645]","[  -18.12202321   -18.02465144   -17.92464422 ... 10824.08119312
 10848.86336397 10873.67276466]",[110 242 379],[ 8.15757029 13.65136804 11.88428751],[110 242 379],[ 8.15757029 13.65136804 11.88428751],[ 23.20820135 235.51444524 770.85162592],[202.6609568 115.089918   75.319769 ],[34.422831 59.601486 47.023236],[168.2381258  55.488432   28.296533 ],752.8963308680003,0.509953732338301,0.0916999979825955
56,56,hHBB_Nluc_hHBB,5mC,4.0,4,1,nts-Eukaryote Total RNA Nano_2020-10-21_16-41-52_Sample1.csv,[17.   17.05 17.1  ... 69.85 69.9  69.95],"[ 0.08101654  0.08101654  0.08101654 ... -0.06570138 -0.07817695
 -0.06598276]","[  -11.4037012    -11.41006595   -11.41286656 ... 10589.23906
 10613.16952655 10637.12532794]",[110 242],[ 7.61780933 13.99557039],[110 242 379],[ 8.15757029 13.65136804 11.88428751],[ 23.24409012 235.32856962 771.25444387],[154.15139948 112.491261    47.79999   ],[15.95980763 61.169654   46.6173    ],[138.19159185  51.321607     1.18269   ],649.7606683699997,0.023044679797341382,0.004143899646024903
57,57,hHBB_Nluc_hHBB,5mC,5.0,4,2,nts-Eukaryote Total RNA Nano_2020-10-21_16-41-52_Sample2.csv,[17.   17.05 17.1  ... 69.85 69.9  69.95],"[-0.00859833 -0.00859833 -0.00859833 ... -0.03567432 -0.0415161
 -0.07375544]","[  -11.4037012    -11.41006595   -11.41286656 ... 10589.23906
 10613.16952655 10637.12532794]",[110 243],[ 7.69034072 15.65858427],[110 242 379],[ 8.15757029 13.65136804 11.88428751],[ 23.24409012 235.32856962 771.25444387],[153.09653728 104.67733     33.326027  ],[15.279246  62.912374  30.8816916],[137.81729128  41.764956     2.4443354 ],616.8647946587002,0.058525990066887384,0.010524157057257587
58,58,hHBB_Nluc_hHBB,5mC,18.0,4,3,nts-Eukaryote Total RNA Nano_2020-10-21_16-41-52_Sample3.csv,[17.   17.05 17.1  ... 69.85 69.9  69.95],"[ 0.00170517  0.00170517  0.00170517 ... -0.07587534 -0.09639142
 -0.1089197 ]","[  -11.4037012    -11.41006595   -11.41286656 ... 10589.23906
 10613.16952655 10637.12532794]",[110 243],[ 7.72820352 15.43070981],[110 242 379],[ 8.15757029 13.65136804 11.88428751],[ 23.24409012 235.32856962 771.25444387],[158.08178213 133.359775     4.6027429 ],[18.99002574 82.172986    4.6738092 ],[ 1.39091756e+02  5.11867890e+01 -7.10663000e-02],634.7985525100003,-0.0013883719097910212,-0.00024965735762567096
59,59,hHBB_Nluc_hHBB,5mC,24.0,4,4,nts-Eukaryote Total RNA Nano_2020-10-21_16-41-52_Sample4.csv,[17.   17.05 17.1  ... 69.85 69.9  69.95],"[-0.05583954 -0.05583954 -0.05583954 ...  0.08761375  0.0957524
  0.09838229]","[  -11.4037012    -11.41006595   -11.41286656 ... 10589.23906
 10613.16952655 10637.12532794]",[110 243],[ 7.74616563 15.56955206],[110 242 379],[ 8.15757029 13.65136804 11.88428751],[ 23.24409012 235.32856962 771.25444387],[154.75355846 139.108557     1.80767364],[20.00499705 83.602176    2.2522326 ],[134.74856141  55.506381    -0.44455896],658.4165449600006,-0.008009150461457767,-0.0014402072866303828
60,60,hHBB_Nluc_hHBB,PSU,0.0,8,7,nts-Eukaryote Total RNA Nano_2020-10-21_17-42-16_Sample7.csv,[17.   17.05 17.1  ... 69.85 69.9  69.95],"[-0.00803757 -0.00803757 -0.00803757 ...  0.0938005   0.1081864
  0.1288557 ]","[7.98179948e+00 7.69897464e+00 7.42190718e+00 ... 1.03910727e+04
 1.04144290e+04 1.04378103e+04]",[110 244 373],[ 8.11183059  9.45931195 11.52401814],[110 244 373],[ 8.11183059  9.45931195 11.52401814],[ 23.42617456 237.063627   738.3007185 ],[176.22860391  19.1930251  202.116739  ],[32.39601173 10.950446   49.846212  ],[143.83259218   8.2425791  152.270527  ],518.2633846199996,18.47365068052547,1.0
61,61,hHBB_Nluc_hHBB,PSU,0.5,8,8,nts-Eukaryote Total RNA Nano_2020-10-21_17-42-16_Sample8.csv,[17.   17.05 17.1  ... 69.85 69.9  69.95],"[-0.01107788 -0.01107788 -0.01107788 ...  0.07904536  0.07762705
  0.07222514]","[7.98179948e+00 7.69897464e+00 7.42190718e+00 ... 1.03910727e+04
 1.04144290e+04 1.04378103e+04]",[110 242 372],[ 8.1677262  10.40276318 11.72877659],[110 244 373],[ 8.11183059  9.45931195 11.52401814],[ 23.42617456 237.063627   738.3007185 ],[180.23521817  48.3690217  218.01433   ],[33.01062971 22.563617   57.02406   ],[147.22458845  25.8054047  160.99027   ],612.1337245499997,6.238626050301781,0.33770401736990774
62,62,hHBB_Nluc_hHBB,PSU,1.0,8,9,nts-Eukaryote Total RNA Nano_2020-10-21_17-42-16_Sample9.csv,[17.   17.05 17.1  ... 69.85 69.9  69.95],[0.00428391 0.00428391 0.00428391 ... 0.1713935  0.2209854  0.2706307 ],"[7.98179948e+00 7.69897464e+00 7.42190718e+00 ... 1.03910727e+04
 1.04144290e+04 1.04378103e+04]",[110 242 372],[ 8.13593093 11.04141433 11.6248608 ],[110 244 373],[ 8.11183059  9.45931195 11.52401814],[ 23.42617456 237.063627   738.3007185 ],[180.40891913  49.8478488  180.519322  ],[31.7766132 23.769478  52.236552 ],[148.63230593  26.0783708  128.28277   ],603.8170806999995,4.919125162527411,0.2662779137484205
63,63,hHBB_Nluc_hHBB,PSU,1.5,8,10,nts-Eukaryote Total RNA Nano_2020-10-21_17-42-16_Sample10.csv,[17.   17.05 17.1  ... 69.85 69.9  69.95],[0.04505539 0.04505539 0.04505539 ... 0.1941092  0.1790965  0.1549109 ],"[7.98179948e+00 7.69897464e+00 7.42190718e+00 ... 1.03910727e+04
 1.04144290e+04 1.04378103e+04]",[110 242 372],[ 8.0954339  10.17053338 11.75848362],[110 244 373],[ 8.11183059  9.45931195 11.52401814],[ 23.42617456 237.063627   738.3007185 ],[181.51064123  43.5989296  149.957503  ],[30.42903402 22.886066   47.263884  ],[151.08160721  20.7128636  102.693619  ],551.30327818,4.957963369198257,0.26838027063188097
64,64,hHBB_Nluc_hHBB,PSU,2.0,8,11,nts-Eukaryote Total RNA Nano_2020-10-21_17-42-16_Sample11.csv,[17.   17.05 17.1  ... 69.85 69.9  69.95],[0.02481079 0.02481079 0.02481079 ... 0.168215   0.1671827  0.1862233 ],"[7.98179948e+00 7.69897464e+00 7.42190718e+00 ... 1.03910727e+04
 1.04144290e+04 1.04378103e+04]",[110 241 372 462],[ 8.19737022 10.85352869 12.21911159 38.88753229],[110 244 373],[ 8.11183059  9.45931195 11.52401814],[ 23.42617456 237.063627   738.3007185 ],[180.48129839  54.304682   150.003653  ],[26.44308927 28.35766    48.785772  ],[154.03820912  25.947022   101.217881  ],602.4661008599996,3.900944046680964,0.21116259661623116
65,65,hHBB_Nluc_hHBB,PSU,3.0,8,12,nts-Eukaryote Total RNA Nano_2020-10-21_17-42-16_Sample12.csv,[17.   17.05 17.1  ... 69.85 69.9  69.95],"[-0.01143265 -0.01143265 -0.01143265 ...  0.09484916  0.08896202
  0.08304965]","[7.98179948e+00 7.69897464e+00 7.42190718e+00 ... 1.03910727e+04
 1.04144290e+04 1.04378103e+04]",[110 241 373],[ 8.1620392  11.12295122 12.35043913],[110 241 373],[ 8.1620392  11.12295122 12.35043913],[ 23.42617456 229.20081036 738.3007185 ],[176.48817098  56.6264453  100.097704  ],[24.90211953 27.2683788  36.648222  ],[151.58605145  29.3580665   63.449482  ],505.1912585237,2.1612282266613163,0.11698977446507837
66,66,hHBB_Nluc_hHBB,PSU,4.0,9,1,nts-Eukaryote Total RNA Nano_2020-10-22_10-58-16_Sample1.csv,[17.   17.05 17.1  ... 69.85 69.9  69.95],[0.1502953  0.1502953  0.1502953  ... 0.07552437 0.0675363  0.0730605 ],"[   25.00044755    24.38555415    23.78071439 ... 11283.60648849
 11312.72946375 11341.90324546]",[110 188 243 374],[ 7.53068885  4.98938451 11.76310389 14.16823503],[110 243 374],[ 7.53068885 11.76310389 14.16823503],[ 23.3095643  235.22774142 737.70119808],[142.81449917 116.750743   165.016945  ],[18.95586616 63.526476   61.07337   ],[123.85863301  53.224267   103.943575  ],789.6713235906005,1.9529357726993213,0.10571466390008472
67,67,hHBB_Nluc_hHBB,PSU,5.0,9,2,nts-Eukaryote Total RNA Nano_2020-10-22_10-58-16_Sample2.csv,[17.   17.05 17.1  ... 69.85 69.9  69.95],"[-0.03638458 -0.03638458 -0.03638458 ... -0.09440259 -0.1004865
 -0.07271222]","[   25.00044755    24.38555415    23.78071439 ... 11283.60648849
 11312.72946375 11341.90324546]",[ 24 110 243 373],[ 4.07915874 10.4809274  14.44696185 12.10081176],[110 243 374],[ 7.53068885 11.76310389 14.16823503],[ 23.3095643  235.22774142 737.70119808],[177.186578  92.752419 103.137058],[68.9277232 49.653516  44.221842 ],[108.2588548  43.098903   58.915216 ],679.2478067289204,1.3669771594882592,0.07399604892005983
68,68,hHBB_Nluc_hHBB,PSU,18.0,9,3,nts-Eukaryote Total RNA Nano_2020-10-22_10-58-16_Sample3.csv,[17.   17.05 17.1  ... 69.85 69.9  69.95],[0.01966858 0.01966858 0.01966858 ... 0.1029785  0.0763249  0.05018244],"[   25.00044755    24.38555415    23.78071439 ... 11283.60648849
 11312.72946375 11341.90324546]",[110 244 511],[ 7.60379652 15.69196328  6.76873134],[110 243 374],[ 7.53068885 11.76310389 14.16823503],[ 23.3095643  235.22774142 737.70119808],[150.7539201 174.094041   26.2766827],[ 24.9902864 104.616552   22.5980625],[125.7636337  69.477489    3.6786202],792.2047071973003,0.052946936525008814,0.0028660786890825187
69,69,hHBB_Nluc_hHBB,PSU,24.0,9,4,nts-Eukaryote Total RNA Nano_2020-10-22_10-58-16_Sample4.csv,[17.   17.05 17.1  ... 69.85 69.9  69.95],[0.04267502 0.03281021 0.01897049 ... 0.1203156  0.1289291  0.1422806 ],"[   25.00044755    24.38555415    23.78071439 ... 11283.60648849
 11312.72946375 11341.90324546]",[110 242],[ 7.66042736 16.19738902],[110 243 374],[ 7.53068885 11.76310389 14.16823503],[ 23.3095643  235.22774142 737.70119808],[154.9580646 180.018121   16.4850121],[ 15.6278408 110.868168   13.960647 ],[139.3302238  69.149953    2.5243651],816.6397306693998,0.03650566617160245,0.0019760937782636514
70,70,hHBB_GCrich-2_hHBB,5mC,0.0,4,5,nts-Eukaryote Total RNA Nano_2020-10-21_16-41-52_Sample5.csv,[17.   17.05 17.1  ... 69.85 69.9  69.95],"[-0.118721   -0.118721   -0.118721   ...  0.02971663  0.02841246
 -0.00022611]","[  -11.4037012    -11.41006595   -11.41286656 ... 10589.23906
 10613.16952655 10637.12532794]",[110 243 276 403],[ 7.87804167 10.49485959 10.80942954 10.51477035],[110 243 403],[ 7.87804167 10.49485959 10.51477035],[ 23.24409012 237.93690788 906.22945422],[155.88790372  69.0394147  202.426191  ],[25.3433024 26.1697997 50.283618 ],[130.54460132  42.869615   152.142573  ],656.3121714,3.548960563326729,1.0
71,71,hHBB_GCrich-2_hHBB,5mC,0.5,4,6,nts-Eukaryote Total RNA Nano_2020-10-21_16-41-52_Sample6.csv,[17.   17.05 17.1  ... 69.85 69.9  69.95],[0.00560379 0.00560379 0.00560379 ... 0.06440555 0.05387348 0.02904421],"[  -11.4037012    -11.41006595   -11.41286656 ... 10589.23906
 10613.16952655 10637.12532794]",[110 243 276 403],[ 7.96855379 10.90148978 10.20290499 11.29656498],[110 243 403],[ 7.96855379 10.90148978 11.29656498],[ 23.24409012 237.93690788 906.22945422],[154.99567117  83.982127   187.49413   ],[27.2860768 31.957409  52.863792 ],[127.70959437  52.024718   134.630338  ],698.4165139850005,2.587814853700889,0.7291754325032904
72,72,hHBB_GCrich-2_hHBB,5mC,1.0,4,7,nts-Eukaryote Total RNA Nano_2020-10-21_16-41-52_Sample7.csv,[17.   17.05 17.1  ... 69.85 69.9  69.95],"[-0.05542755 -0.05542755 -0.05542755 ... -0.04132631 -0.07067505
 -0.08308027]","[  -11.4037012    -11.41006595   -11.41286656 ... 10589.23906
 10613.16952655 10637.12532794]",[110 243 276 404],[ 7.89551449 11.1033532  10.73541686 11.41723338],[110 243 404],[ 7.89551449 11.1033532  11.41723338],[ 23.24409012 237.93690788 912.14343198],[145.35873839  77.1549544  143.807562  ],[30.0197612 30.881184  44.033268 ],[115.33897719  46.2737704   99.774294  ],627.7481658299998,2.156173856971898,0.607550807764046
73,73,hHBB_GCrich-2_hHBB,5mC,1.5,4,8,nts-Eukaryote Total RNA Nano_2020-10-21_16-41-52_Sample8.csv,[17.   17.05 17.1  ... 69.85 69.9  69.95],"[-0.128006   -0.128006   -0.128006   ...  0.09124104  0.09035804
  0.1111788 ]","[  -11.4037012    -11.41006595   -11.41286656 ... 10589.23906
 10613.16952655 10637.12532794]",[110 243 277 404],[ 7.82515998 10.91813952  9.94764172 11.94885702],[110 243 404],[ 7.82515998 10.91813952 11.94885702],[ 23.24409012 237.93690788 912.14343198],[148.95892276  77.7209701  124.850365  ],[29.7268212 30.7722041 46.088952 ],[119.23210156  46.948766    78.761413  ],615.0274116129993,1.6776034752436308,0.47270276615051393
74,74,hHBB_GCrich-2_hHBB,5mC,2.0,4,9,nts-Eukaryote Total RNA Nano_2020-10-21_16-41-52_Sample9.csv,[17.   17.05 17.1  ... 69.85 69.9  69.95],"[-0.01504135 -0.01504135 -0.01504135 ...  0.04100198  0.0621728
  0.1011712 ]","[  -11.4037012    -11.41006595   -11.41286656 ... 10589.23906
 10613.16952655 10637.12532794]",[110 242 274 402],[ 7.90046085 10.76337794 10.76336965 12.34857091],[110 242 402],[ 7.90046085 10.76337794 12.34857091],[ 23.24409012 235.32856962 900.33892542],[149.0640438  72.795035  116.063867 ],[20.3783648 31.335997  47.568781 ],[128.685679  41.459038  68.495086],613.6296558399997,1.6521146969208502,0.4655207257000875
75,75,hHBB_GCrich-2_hHBB,5mC,3.0,4,10,nts-Eukaryote Total RNA Nano_2020-10-21_16-41-52_Sample10.csv,[17.   17.05 17.1  ... 69.85 69.9  69.95],"[-0.1256027  -0.1256027  -0.1256027  ... -0.03263281 -0.03258941
 -0.0301204 ]","[  -11.4037012    -11.41006595   -11.41286656 ... 10589.23906
 10613.16952655 10637.12532794]",[110 242 275 402],[ 8.02164858 10.99032741 10.26912108 14.82358391],[110 242 402],[ 8.02164858 10.99032741 14.82358391],[ 23.24409012 235.32856962 900.33892542],[149.54448363  78.874601   104.132161  ],[14.55975096 35.304445   47.25945   ],[134.98473266  43.570156    56.872711  ],603.7367364270001,1.3053134581386394,0.3678016238408305
76,76,hHBB_GCrich-2_hHBB,5mC,4.0,4,11,nts-Eukaryote Total RNA Nano_2020-10-21_16-41-52_Sample11.csv,[17.   17.05 17.1  ... 69.85 69.9  69.95],[0.1501694 0.1501694 0.1501694 ... 0.1455845 0.150159  0.1713056],"[  -11.4037012    -11.41006595   -11.41286656 ... 10589.23906
 10613.16952655 10637.12532794]",[110 243 276 403],[ 7.83937208 12.99684203 10.32606814 11.48750346],[110 243 403],[ 7.83937208 12.99684203 11.48750346],[ 23.24409012 237.93690788 906.22945422],[144.67703104  94.516725    85.084237  ],[26.952634 43.181554 46.51944 ],[117.72439704  51.335171    38.564797  ],670.6444068999998,0.7512353859695923,0.21167758067883355
77,77,hHBB_GCrich-2_hHBB,5mC,5.0,4,12,nts-Eukaryote Total RNA Nano_2020-10-21_16-41-52_Sample12.csv,[17.   17.05 17.1  ... 69.85 69.9  69.95],"[-0.09397125 -0.09397125 -0.09397125 ...  0.0269169   0.02432377
  0.02757245]","[  -11.4037012    -11.41006595   -11.41286656 ... 10589.23906
 10613.16952655 10637.12532794]",[110 243 403],[ 7.84301299 13.5217228  12.13227383],[110 243 403],[ 7.84301299 13.5217228  12.13227383],[ 23.24409012 237.93690788 906.22945422],[141.54382311  99.483682    67.69824   ],[24.6325528 46.341008  41.342977 ],[116.91127031  53.142674    26.355263  ],639.3418964900003,0.4959340773857183,0.13974065604179017
78,78,hHBB_GCrich-2_hHBB,5mC,18.0,9,7,nts-Eukaryote Total RNA Nano_2020-10-22_10-58-16_Sample7.csv,[17.   17.05 17.1  ... 69.85 69.9  69.95],"[-0.2313461  -0.2313461  -0.2313461  ...  0.00993883  0.00519951
  0.0048858 ]","[   25.00044755    24.38555415    23.78071439 ... 11283.60648849
 11312.72946375 11341.90324546]",[110 243],[ 7.67429984 15.01002358],[110 243 403],[ 7.84301299 13.5217228  12.13227383],[ 23.3095643  235.22774142 895.71359704],[147.28657036  99.804769     9.63575369],[16.9777344  52.455984    8.28959339],[130.30883596  47.348785     1.3461603 ],519.1361977019997,0.02843072530794614,0.0080110006298001
79,79,hHBB_GCrich-2_hHBB,5mC,24.0,5,2,nts-Eukaryote Total RNA Nano_2020-10-21_17-01-22_Sample2.csv,[17.   17.05 17.1  ... 69.85 69.9  69.95],[0.03688812 0.03688812 0.03688812 ... 0.1155049  0.1179479  0.1354037 ],"[   16.70567708    16.2585383     15.81918168 ... 10605.18465001
 10630.32001772 10655.48942546]",[110 243],[ 7.42824789 14.00688063],[110 243 403],[ 7.84301299 13.5217228  12.13227383],[ 23.37510542 234.77917017 900.32527428],[189.8991404 172.139693   20.9796302],[25.364112  92.852354  20.1524531],[164.5350284  79.287339    0.8271771],894.0286256,0.010432650539577277,0.0029396355224071318
80,80,hHBB_GCrich-2_hHBB,PSU,0.0,10,2,nts-Eukaryote Total RNA Nano_2020-10-22_11-04-04_Sample2.csv,[17.   17.05 17.1  ... 69.85 69.9  69.95],[-0.1756198 -0.1795092 -0.1637051 ... -0.0357132 -0.0357132 -0.0357132],"[ -30.337636    -30.0001583   -29.66317317 ... 9647.84648576 9666.46509462
 9685.08667457]",[110 245 397],[ 7.70842591 13.42891956  9.79106421],[110 245 397],[ 7.70842591 13.42891956  9.79106421],[ 23.19695547 240.76723605 865.50806515],[143.53754868  50.9207485  127.4703763 ],[24.33964781 23.3873962  32.45245   ],[119.19790087  27.5333523   95.0179263 ],449.8538401339999,3.4510118951261886,1.0
81,81,hHBB_GCrich-2_hHBB,PSU,0.5,10,2,nts-Eukaryote Total RNA Nano_2020-10-22_11-04-04_Sample2.csv,[17.   17.05 17.1  ... 69.85 69.9  69.95],[-0.1756198 -0.1795092 -0.1637051 ... -0.0357132 -0.0357132 -0.0357132],"[ -30.337636    -30.0001583   -29.66317317 ... 9647.84648576 9666.46509462
 9685.08667457]",[110 245 397],[ 7.70842591 13.42891956  9.79106421],[110 245 397],[ 7.70842591 13.42891956  9.79106421],[ 23.19695547 240.76723605 865.50806515],[143.53754868  50.9207485  127.4703763 ],[24.33964781 23.3873962  32.45245   ],[119.19790087  27.5333523   95.0179263 ],449.8538401339999,3.4510118951261886,1.0
82,82,hHBB_GCrich-2_hHBB,PSU,1.0,10,3,nts-Eukaryote Total RNA Nano_2020-10-22_11-04-04_Sample3.csv,[17.   17.05 17.1  ... 69.85 69.9  69.95],[0.101487   0.106577   0.08434362 ... 0.1044159  0.1044159  0.1044159 ],"[ -30.337636    -30.0001583   -29.66317317 ... 9647.84648576 9666.46509462
 9685.08667457]",[110 243 396 427],[ 7.65087099 13.20429716 10.17460368  4.13452215],[110 243 396],[ 7.65087099 13.20429716 10.17460368],[ 23.19695547 235.58124379 859.75876196],[145.64790665  85.2025329  210.595809  ],[20.3102612 43.5561252 50.799375 ],[125.33764545  41.6464077  159.796434  ],666.8129564800003,3.8369800140049026,1.111842013475471
83,83,hHBB_GCrich-2_hHBB,PSU,1.5,10,4,nts-Eukaryote Total RNA Nano_2020-10-22_11-04-04_Sample4.csv,[17.   17.05 17.1  ... 69.85 69.9  69.95],"[-0.02708345 -0.02739616 -0.03533864 ...  0.04039764  0.04039764
  0.04039764]","[ -30.337636    -30.0001583   -29.66317317 ... 9647.84648576 9666.46509462
 9685.08667457]",[110 245 397],[ 7.69714459 13.18809526 10.53191969],[110 245 397],[ 7.69714459 13.18809526 10.53191969],[ 23.19695547 240.76723605 865.50806515],[145.19366418 106.8756451  242.792515  ],[25.12169168 51.5162368  60.502321  ],[120.0719725  55.3594083 182.290194 ],777.4086393099999,3.292849392683988,0.9541692386903763
84,84,hHBB_GCrich-2_hHBB,PSU,2.0,10,5,nts-Eukaryote Total RNA Nano_2020-10-22_11-04-04_Sample5.csv,[17.   17.05 17.1  ... 69.85 69.9  69.95],"[-0.02495896 -0.02178054 -0.01500056 ... -0.0347023  -0.0347023
 -0.0347023 ]","[ -30.337636    -30.0001583   -29.66317317 ... 9647.84648576 9666.46509462
 9685.08667457]",[110 245 398],[ 7.83887618 13.47051108 10.43672665],[110 245 398],[ 7.83887618 13.47051108 10.43672665],[ 23.19695547 240.76723605 871.28074599],[144.6946741 101.9708385 208.99743  ],[27.97512792 48.5252698  53.556459  ],[116.71954618  53.4455687  155.440971  ],719.7329303000002,2.9083977358818904,0.8427666505552693
85,85,hHBB_GCrich-2_hHBB,PSU,3.0,10,6,nts-Eukaryote Total RNA Nano_2020-10-22_11-04-04_Sample6.csv,[17.   17.05 17.1  ... 69.85 69.9  69.95],"[-0.01851596 -0.02201149  0.00100526 ...  0.03320694  0.03320694
  0.03320694]","[ -30.337636    -30.0001583   -29.66317317 ... 9647.84648576 9666.46509462
 9685.08667457]",[110 244 398],[ 7.79956148 12.18871249 10.83857616],[110 244 398],[ 7.79956148 12.18871249 10.83857616],[ 23.19695547 238.16555932 871.28074599],[146.16210007  93.735985   172.299285  ],[27.50721656 43.7684845  46.537513  ],[118.65488351  49.9675005  125.761772  ],691.9971470100004,2.5168713812290866,0.7293140266434971
86,86,hHBB_GCrich-2_hHBB,PSU,4.0,10,7,nts-Eukaryote Total RNA Nano_2020-10-22_11-04-04_Sample7.csv,[17.   17.05 17.1  ... 69.85 69.9  69.95],"[-0.05397037 -0.04004757 -0.03951766 ...  0.1034737   0.1034737
  0.1034737 ]","[ -30.337636    -30.0001583   -29.66317317 ... 9647.84648576 9666.46509462
 9685.08667457]",[110 243 397],[ 7.62552512 12.38114187 11.00240217],[110 243 397],[ 7.62552512 12.38114187 11.00240217],[ 23.19695547 235.58124379 865.50806515],[137.82670917  72.3928941  107.955579  ],[19.905342  38.0179618 36.999048 ],[117.92136717  34.3749323   70.956531  ],571.7429314999997,2.064194058063644,0.5981416815684912
87,87,hHBB_GCrich-2_hHBB,PSU,5.0,10,8,nts-Eukaryote Total RNA Nano_2020-10-22_11-04-04_Sample8.csv,[17.   17.05 17.1  ... 69.85 69.9  69.95],"[-0.05892345 -0.05667407 -0.05686389 ...  0.07221985  0.07221985
  0.07221985]","[ -30.337636    -30.0001583   -29.66317317 ... 9647.84648576 9666.46509462
 9685.08667457]",[110 243 397],[ 7.6246905 12.5405954 11.722927 ],[110 243 397],[ 7.6246905 12.5405954 11.722927 ],[ 23.19695547 235.58124379 865.50806515],[138.49636099  94.5626681  137.03224   ],[18.4293176 44.9720687 47.824656 ],[120.06704339  49.5905994   89.207584  ],693.23066382,1.798880938712752,0.5212618772057216
88,88,hHBB_GCrich-2_hHBB,PSU,18.0,10,9,nts-Eukaryote Total RNA Nano_2020-10-22_11-04-04_Sample9.csv,[17.   17.05 17.1  ... 69.85 69.9  69.95],"[-0.03125606 -0.03486227 -0.03801806 ... -0.06856155 -0.06856155
 -0.06856155]","[ -30.337636    -30.0001583   -29.66317317 ... 9647.84648576 9666.46509462
 9685.08667457]",[110 243],[ 7.55574931 15.59907809],[110 243 397],[ 7.6246905 12.5405954 11.722927 ],[ 23.19695547 235.58124379 865.50806515],[137.53098283 141.863083    37.785107  ],[20.40997616 71.225063   25.5569076 ],[117.12100667  70.63802     12.2281994 ],729.4534387999995,0.1731107327187258,0.0501623112233277
89,89,hHBB_GCrich-2_hHBB,PSU,24.0,10,10,nts-Eukaryote Total RNA Nano_2020-10-22_11-04-04_Sample10.csv,[17.   17.05 17.1  ... 69.85 69.9  69.95],"[-0.1100619  -0.1204461  -0.1362848  ... -0.01420975 -0.01420975
 -0.01420975]","[ -30.337636    -30.0001583   -29.66317317 ... 9647.84648576 9666.46509462
 9685.08667457]",[110 243],[ 7.54546905 16.28755953],[110 243 397],[ 7.6246905 12.5405954 11.722927 ],[ 23.19695547 235.58124379 865.50806515],[133.8056031 152.430187   30.1644993],[21.0356816 80.447965  25.238646 ],[112.7699215  71.982222    4.9258533],759.749952000001,0.06843152605097406,0.0198294089184737
90,90,hHBB_LocalDesign_hHBB,5mC,0.0,5,3,nts-Eukaryote Total RNA Nano_2020-10-21_17-01-22_Sample3.csv,[17.   17.05 17.1  ... 69.85 69.9  69.95],[0.00309753 0.00309753 0.00309753 ... 0.04666881 0.08673625 0.1265686 ],"[   16.70567708    16.2585383     15.81918168 ... 10605.18465001
 10630.32001772 10655.48942546]",[110 242 399 509],[ 7.57695517 13.0808881   7.18844749 12.74603353],[110 242 399],[ 7.57695517 13.0808881   7.18844749],[ 23.37510542 232.15496628 877.20951913],[190.58889544  79.9097414  113.888003  ],[26.88847632 32.3748586  32.471224  ],[163.70041912  47.5348828   81.416779  ],511.11948868,1.7127796305411322,1.0
91,91,hHBB_LocalDesign_hHBB,5mC,0.5,5,4,nts-Eukaryote Total RNA Nano_2020-10-21_17-01-22_Sample4.csv,[17.   17.05 17.1  ... 69.85 69.9  69.95],[0.08602524 0.08602524 0.08602524 ... 0.1665164  0.1610219  0.158262  ],"[   16.70567708    16.2585383     15.81918168 ... 10605.18465001
 10630.32001772 10655.48942546]",[110 243 400 510],[ 7.6849158  13.25153231  7.4768935  14.29702318],[110 243 400],[ 7.6849158  13.25153231  7.4768935 ],[ 23.37510542 234.77917017 882.95489917],[188.6844455  55.9905222  77.311954 ],[27.9403392 25.5400698 24.131016 ],[160.7441063  30.4504524  53.180938 ],462.69483073000004,1.7464744793085571,1.019672611798156
92,92,hHBB_LocalDesign_hHBB,5mC,1.0,5,5,nts-Eukaryote Total RNA Nano_2020-10-21_17-01-22_Sample5.csv,[17.   17.05 17.1  ... 69.85 69.9  69.95],[0.1750908  0.1750908  0.1750908  ... 0.06440113 0.05374891 0.04134948],"[   16.70567708    16.2585383     15.81918168 ... 10605.18465001
 10630.32001772 10655.48942546]",[110 243 400],[ 7.66106834 12.81154456  7.69752804],[110 243 400],[ 7.66106834 12.81154456  7.69752804],[ 23.37510542 234.77917017 882.95489917],[192.4675876  72.5467285  72.472466 ],[26.3808848 29.7007789 24.632296 ],[166.0867028  42.8459496  47.84017  ],507.08861687000024,1.1165622525962176,0.6519007072984941
93,93,hHBB_LocalDesign_hHBB,5mC,1.5,5,6,nts-Eukaryote Total RNA Nano_2020-10-21_17-01-22_Sample6.csv,[17.   17.05 17.1  ... 69.85 69.9  69.95],"[-0.03682709 -0.03682709 -0.03682709 ...  0.1067857   0.08237667
  0.05915439]","[   16.70567708    16.2585383     15.81918168 ... 10605.18465001
 10630.32001772 10655.48942546]",[110 244 401],[ 7.72968111 13.01604598  8.20944139],[110 244 401],[ 7.72968111 13.01604598  8.20944139],[ 23.37510542 237.42066781 888.7226321 ],[190.3417217  64.6648019  54.477534 ],[37.008044 27.024312 19.682829],[153.3336777  37.6404899  34.794705 ],454.4267648201,0.9243956466145781,0.5397049510231076
94,94,hHBB_LocalDesign_hHBB,5mC,2.0,5,7,nts-Eukaryote Total RNA Nano_2020-10-21_17-01-22_Sample7.csv,[17.   17.05 17.1  ... 69.85 69.9  69.95],"[-0.05178833 -0.05178833 -0.05178833 ...  0.08264036  0.07104773
  0.07302251]","[   16.70567708    16.2585383     15.81918168 ... 10605.18465001
 10630.32001772 10655.48942546]",[110 243 400],[ 7.68578503 12.82158706  8.11360851],[110 243 400],[ 7.68578503 12.82158706  8.11360851],[ 23.37510542 234.77917017 882.95489917],[183.97080891  70.7582307   49.69927   ],[26.0284832 28.265835  19.4000148],[157.94232571  42.4923957   30.2992552 ],478.30649805999997,0.7130512342470725,0.4163123040071375
95,95,hHBB_LocalDesign_hHBB,5mC,3.0,5,8,nts-Eukaryote Total RNA Nano_2020-10-21_17-01-22_Sample8.csv,[17.   17.05 17.1  ... 69.85 69.9  69.95],"[-0.1436195  -0.1436195  -0.1436195  ...  0.00997212  0.01707118
  0.0020531 ]","[   16.70567708    16.2585383     15.81918168 ... 10605.18465001
 10630.32001772 10655.48942546]",[110 243 400],[ 7.70135602 13.76354892  7.36422701],[110 243 400],[ 7.70135602 13.76354892  7.36422701],[ 23.37510542 234.77917017 882.95489917],[183.47006829  81.0864131   35.6318261 ],[25.6550216 27.7418932 15.1960832],[157.81504669  53.3445199   20.4357429 ],467.60721108000024,0.38308982700207983,0.22366556687800354
96,96,hHBB_LocalDesign_hHBB,5mC,4.0,5,9,nts-Eukaryote Total RNA Nano_2020-10-21_17-01-22_Sample9.csv,[17.   17.05 17.1  ... 69.85 69.9  69.95],"[-0.02177811 -0.02177811 -0.02177811 ...  0.2518789   0.245082
  0.2604098 ]","[   16.70567708    16.2585383     15.81918168 ... 10605.18465001
 10630.32001772 10655.48942546]",[110 244 401],[ 7.70777634 13.80127017  7.59367087],[110 244 401],[ 7.70777634 13.80127017  7.59367087],[ 23.37510542 237.42066781 888.7226321 ],[184.11618109 101.0462946   32.1688292 ],[36.37124072 39.6203934  17.263356  ],[147.74494037  61.4259012   14.9054732 ],565.7346223999997,0.24265778619134046,0.14167484354929866
97,97,hHBB_LocalDesign_hHBB,5mC,5.0,5,10,nts-Eukaryote Total RNA Nano_2020-10-21_17-01-22_Sample10.csv,[17.   17.05 17.1  ... 69.85 69.9  69.95],"[-0.01354599 -0.01354599 -0.01354599 ...  0.1214099   0.1394038
  0.1409075 ]","[   16.70567708    16.2585383     15.81918168 ... 10605.18465001
 10630.32001772 10655.48942546]",[110 243 401],[ 7.74091768 13.83034867  6.2430641 ],[110 243 401],[ 7.74091768 13.83034867  6.2430641 ],[ 23.37510542 234.77917017 888.7226321 ],[179.83383667  86.9360901   19.0965846 ],[34.34370136 35.9370186  11.2595567 ],[145.49013531  50.9990715    7.8370279 ],495.86159807000035,0.15367001142363937,0.0897196631040557
98,98,hHBB_LocalDesign_hHBB,5mC,18.0,5,11,nts-Eukaryote Total RNA Nano_2020-10-21_17-01-22_Sample11.csv,[17.   17.05 17.1  ... 69.85 69.9  69.95],[-0.0332756 -0.0332756 -0.0332756 ...  0.2313687  0.2073119  0.1955577],"[   16.70567708    16.2585383     15.81918168 ... 10605.18465001
 10630.32001772 10655.48942546]",[110 243],[ 7.7323502  14.30505999],[110 243 401],[ 7.74091768 13.83034867  6.2430641 ],[ 23.37510542 234.77917017 888.7226321 ],[180.04440712  92.368694     5.2460192 ],[35.81812232 42.436758    5.2886477 ],[ 1.44226285e+02  4.99319360e+01 -4.26285000e-02],494.1254645000001,-0.0008537321685263398,-0.0004984483428592698
99,99,hHBB_LocalDesign_hHBB,5mC,24.0,5,12,nts-Eukaryote Total RNA Nano_2020-10-21_17-01-22_Sample12.csv,[17.   17.05 17.1  ... 69.85 69.9  69.95],[0.04269791 0.04269791 0.04269791 ... 0.2445228  0.236029   0.2408557 ],"[   16.70567708    16.2585383     15.81918168 ... 10605.18465001
 10630.32001772 10655.48942546]",[110 243],[ 7.77959668 14.23076112],[110 243 401],[ 7.74091768 13.83034867  6.2430641 ],[ 23.37510542 234.77917017 888.7226321 ],[180.80614021  86.822708     2.26528   ],[28.7864856 39.55147    2.307501 ],[ 1.52019655e+02  4.72712380e+01 -4.22210000e-02],455.95066199999974,-0.000893164676584101,-0.0005214708656372311
100,100,hHBB_LocalDesign_hHBB,PSU,0.0,11,1,nts-Eukaryote Total RNA Nano_2020-10-22_11-19-17_Sample1.csv,[17.   17.05 17.1  ... 69.85 69.9  69.95],[-0.2564163 -0.2564163 -0.2564163 ... -0.3047292 -0.3283536 -0.3379713],"[   16.90418096    16.48701411    16.07685941 ... 10612.99528988
 10637.76386756 10662.56371581]",[ 41 110 244 393],[ 4.36039424  7.42415792 17.43926651  7.42317624],[110 244 393],[ 7.42415792 17.43926651  7.42317624],[ 23.46520218 234.32254034 841.56354855],[168.2662742   88.78189019 172.466104  ],[25.1629384  22.47595182 33.77568   ],[143.1033358   66.30593837 138.690424  ],453.2644781189998,2.0916742513480546,1.0
101,101,hHBB_LocalDesign_hHBB,PSU,0.5,11,2,nts-Eukaryote Total RNA Nano_2020-10-22_11-19-17_Sample2.csv,[17.   17.05 17.1  ... 69.85 69.9  69.95],"[-0.06921768 -0.06921768 -0.06921768 ... -0.09739419 -0.09761569
 -0.09700228]","[   16.90418096    16.48701411    16.07685941 ... 10612.99528988
 10637.76386756 10662.56371581]",[110 244 392],[ 7.48174542 16.63947152  7.29936067],[110 244 392],[ 7.48174542 16.63947152  7.29936067],[ 23.46520218 234.32254034 835.93415863],[178.35029918 100.9017883  156.951621  ],[25.78435072 32.0862386  35.9066    ],[152.56594846  68.8155497  121.045021  ],529.0318909338,1.7589777532504403,0.840942490025301
102,102,hHBB_LocalDesign_hHBB,PSU,1.0,11,3,nts-Eukaryote Total RNA Nano_2020-10-22_11-19-17_Sample3.csv,[17.   17.05 17.1  ... 69.85 69.9  69.95],[0.00333404 0.00333404 0.00333404 ... 0.04670911 0.04343488 0.04791912],"[   16.90418096    16.48701411    16.07685941 ... 10612.99528988
 10637.76386756 10662.56371581]",[ 17 110 244 393],[ 4.39121331  7.53319297 13.56844283  7.35403074],[110 244 393],[ 7.53319297 13.56844283  7.35403074],[ 23.46520218 234.32254034 841.56354855],[174.66168201 108.6492402  165.445739  ],[32.475796 44.419879 39.944   ],[142.18588601  64.2293612  125.501739  ],600.1398815199999,1.9539621234781952,0.9341617712312967
103,103,hHBB_LocalDesign_hHBB,PSU,1.5,11,4,nts-Eukaryote Total RNA Nano_2020-10-22_11-19-17_Sample4.csv,[17.   17.05 17.1  ... 69.85 69.9  69.95],"[ 0.148201    0.148201    0.148201   ... -0.02364374 -0.04143984
 -0.04600281]","[   16.90418096    16.48701411    16.07685941 ... 10612.99528988
 10637.76386756 10662.56371581]",[110 244 392],[ 7.53855242 14.05543156  7.46294771],[110 244 392],[ 7.53855242 14.05543156  7.46294771],[ 23.46520218 234.32254034 835.93415863],[173.01011219 115.7763884  162.943952  ],[29.14843752 43.3863945  41.915184  ],[143.86167467  72.3899939  121.028768  ],599.3265985573997,1.6718991324573103,0.799311427857275
104,104,hHBB_LocalDesign_hHBB,PSU,2.0,11,5,nts-Eukaryote Total RNA Nano_2020-10-22_11-19-17_Sample5.csv,[17.   17.05 17.1  ... 69.85 69.9  69.95],"[-0.00139237 -0.00139237 -0.00139237 ...  0.0699247   0.148886
  0.2523153 ]","[   16.90418096    16.48701411    16.07685941 ... 10612.99528988
 10637.76386756 10662.56371581]",[110 244 392],[ 7.61186794 13.50754456  7.5401854 ],[110 244 392],[ 7.61186794 13.50754456  7.5401854 ],[ 23.46520218 234.32254034 835.93415863],[176.7129014 118.7677277 152.245066 ],[30.4009304 47.3063976 41.855336 ],[146.311971   71.4613301 110.38973  ],623.08130755,1.544747765617086,0.7385221501969141
105,105,hHBB_LocalDesign_hHBB,PSU,3.0,11,6,nts-Eukaryote Total RNA Nano_2020-10-22_11-19-17_Sample6.csv,[17.   17.05 17.1  ... 69.85 69.9  69.95],"[-0.01780701 -0.01780701 -0.01780701 ...  0.06939822  0.08142549
  0.09963325]","[   16.90418096    16.48701411    16.07685941 ... 10612.99528988
 10637.76386756 10662.56371581]",[110 244 392],[ 7.70499203 12.91561975  8.02318301],[110 244 392],[ 7.70499203 12.91561975  8.02318301],[ 23.46520218 234.32254034 835.93415863],[179.53456983 122.405641   132.97468   ],[30.60719864 52.329043   37.873647  ],[148.92737119  70.076598    95.101033  ],670.9246692600002,1.3571011680675482,0.6488109547616775
106,106,hHBB_LocalDesign_hHBB,PSU,4.0,11,7,nts-Eukaryote Total RNA Nano_2020-10-22_11-19-17_Sample7.csv,[17.   17.05 17.1  ... 69.85 69.9  69.95],"[-0.1189842  -0.1189842  -0.1189842  ...  0.05871351  0.05219584
  0.04938004]","[   16.90418096    16.48701411    16.07685941 ... 10612.99528988
 10637.76386756 10662.56371581]",[110 243 390],[ 7.56521192 12.58382927  8.05300601],[110 243 390],[ 7.56521192 12.58382927  8.05300601],[ 23.46520218 231.69680249 824.74301468],[171.63290424 129.656543   123.841346  ],[23.5192552 55.616197  40.578291 ],[148.11364904  74.040346    83.263055  ],665.9211472879996,1.124563288777716,0.5376378697844326
107,107,hHBB_LocalDesign_hHBB,PSU,5.0,11,8,nts-Eukaryote Total RNA Nano_2020-10-22_11-19-17_Sample8.csv,[17.   17.05 17.1  ... 69.85 69.9  69.95],[0.1802521  0.1802521  0.1802521  ... 0.066381   0.06325294 0.06008776],"[   16.90418096    16.48701411    16.07685941 ... 10612.99528988
 10637.76386756 10662.56371581]",[110 244 391],[ 7.56851496 12.4390928   8.09724051],[110 244 391],[ 7.56851496 12.4390928   8.09724051],[ 23.46520218 234.32254034 830.32732398],[169.3314533 122.225664  100.051201 ],[29.5664248 51.049635  33.116787 ],[139.7650285  71.176029   66.934414 ],619.9393730200009,0.9404066922587094,0.44959519468800196
108,108,hHBB_LocalDesign_hHBB,PSU,18.0,11,9,nts-Eukaryote Total RNA Nano_2020-10-22_11-19-17_Sample9.csv,[17.   17.05 17.1  ... 69.85 69.9  69.95],[0.06855392 0.06855392 0.06855392 ... 0.06683044 0.06623571 0.07822111],"[   16.90418096    16.48701411    16.07685941 ... 10612.99528988
 10637.76386756 10662.56371581]",[110 244],[ 7.7242313  13.89931687],[110 244 391],[ 7.56851496 12.4390928   8.09724051],[ 23.46520218 234.32254034 830.32732398],[171.42814935 123.360422    19.6254655 ],[33.41569609 56.207242   13.3803522 ],[138.01245326  67.15318      6.2451133 ],610.3251312000001,0.09299802779257814,0.04446104728431888
109,109,hHBB_LocalDesign_hHBB,PSU,24.0,11,10,nts-Eukaryote Total RNA Nano_2020-10-22_11-19-17_Sample10.csv,[17.   17.05 17.1  ... 69.85 69.9  69.95],[0.04649734 0.04649734 0.04649734 ... 0.1635187  0.1598162  0.1420008 ],"[   16.90418096    16.48701411    16.07685941 ... 10612.99528988
 10637.76386756 10662.56371581]",[110 243],[ 7.65882089 14.14951768],[110 244 391],[ 7.56851496 12.4390928   8.09724051],[ 23.46520218 234.32254034 830.32732398],[170.11247692 116.804315     8.8908474 ],[24.18535136 52.784225    5.9649309 ],[145.92712556  64.02009      2.9259165 ],559.8585255300002,0.04570309882413474,0.0218500078559937
110,110,hHBB_-423.7 kcal_hHBB,5mC,0.0,6,1,nts-Eukaryote Total RNA Nano_2020-10-21_17-06-53_Sample1.csv,[17.   17.05 17.1  ... 69.85 69.9  69.95],"[-0.00828171 -0.00828171 -0.00828171 ... -0.1018974  -0.08411145
 -0.05914449]","[   37.66225132    36.88617102    36.12106069 ... 10825.95847135
 10852.97998341 10880.04542984]",[110 244 278 402],[ 7.00173775 11.97062789  6.70712146  7.23894672],[110 244 402],[ 7.00173775 11.97062789  7.23894672],[ 23.46689634 234.42344415 888.77298677],[117.72030694  84.2519985  230.811653  ],[16.196204  29.3655948 58.856896 ],[101.52410294  54.8864037  171.954757  ],668.2635677199995,3.132920822065083,1.0
111,111,hHBB_-423.7 kcal_hHBB,5mC,0.5,6,2,nts-Eukaryote Total RNA Nano_2020-10-21_17-06-53_Sample2.csv,[17.   17.05 17.1  ... 69.85 69.9  69.95],"[-0.02819061 -0.02819061 -0.02819061 ...  0.07325207  0.05877545
  0.0421243 ]","[   37.66225132    36.88617102    36.12106069 ... 10825.95847135
 10852.97998341 10880.04542984]",[110 245 278 402],[ 7.0560811  11.58471432  6.8923177   7.41536724],[110 245 402],[ 7.0560811  11.58471432  7.41536724],[ 23.46689634 237.08650434 888.77298677],[117.09236118  91.5369375  189.966752  ],[17.93396824 31.0144956  58.373232  ],[ 99.15839294  60.5224419  131.59352   ],685.5249679720002,2.1742929708194727,0.6940146573465826
112,112,hHBB_-423.7 kcal_hHBB,5mC,1.0,6,3,nts-Eukaryote Total RNA Nano_2020-10-21_17-06-53_Sample3.csv,[17.   17.05 17.1  ... 69.85 69.9  69.95],"[-0.00083542 -0.00083542 -0.00083542 ... -0.04923956 -0.04383155
 -0.04254244]","[   37.66225132    36.88617102    36.12106069 ... 10825.95847135
 10852.97998341 10880.04542984]",[110 244 277 401],[ 7.12864193 12.52044543  6.22518223  7.45092054],[110 244 401],[ 7.12864193 12.52044543  7.45092054],[ 23.46689634 234.42344415 883.03614023],[119.92084933  89.288523   133.633754  ],[12.46434456 30.3125836  44.721328  ],[107.45650477  58.9759394   88.912426  ],601.7685887109999,1.5076050827602414,0.4812139113578028
113,113,hHBB_-423.7 kcal_hHBB,5mC,1.5,6,4,nts-Eukaryote Total RNA Nano_2020-10-21_17-06-53_Sample4.csv,[17.   17.05 17.1  ... 69.85 69.9  69.95],[0.00061035 0.00061035 0.00061035 ... 0.10312    0.1050375  0.1227544 ],"[   37.66225132    36.88617102    36.12106069 ... 10825.95847135
 10852.97998341 10880.04542984]",[110 245 278 403],[ 7.1958802  12.72803176  6.47113021  7.7669612 ],[110 245 403],[ 7.1958802  12.72803176  7.7669612 ],[ 23.46689634 237.08650434 894.5317015 ],[117.92644098  90.2264567  111.661645  ],[17.32144568 33.7780222  39.67292   ],[100.6049953  56.4484345  71.988725 ],607.5701343605,1.275300646291616,0.40706443562496236
114,114,hHBB_-423.7 kcal_hHBB,5mC,2.0,6,5,nts-Eukaryote Total RNA Nano_2020-10-21_17-06-53_Sample5.csv,[17.   17.05 17.1  ... 69.85 69.9  69.95],"[-0.014534   -0.014534   -0.03303345 ...  0.09559307  0.1006882
  0.08862514]","[   37.66225132    36.88617102    36.12106069 ... 10825.95847135
 10852.97998341 10880.04542984]",[110 245 278 373 403],[ 7.19684317 12.58366697  6.41346553  9.11205195  7.98026548],[110 245 403],[ 7.19684317 12.58366697  7.98026548],[ 23.46689634 237.08650434 894.5317015 ],[117.48687712  99.059152   107.065712  ],[17.78666032 38.621778   40.804992  ],[99.7002168 60.437374  66.26072  ],637.4895732949996,1.096353392190733,0.3499460900732452
115,115,hHBB_-423.7 kcal_hHBB,5mC,3.0,6,6,nts-Eukaryote Total RNA Nano_2020-10-21_17-06-53_Sample6.csv,[17.   17.05 17.1  ... 69.85 69.9  69.95],"[-0.03662109 -0.03662109 -0.04944476 ... -0.01906742 -0.00607244
  0.01246802]","[   37.66225132    36.88617102    36.12106069 ... 10825.95847135
 10852.97998341 10880.04542984]",[110 245 278 371 402],[ 7.215985   12.89150196  6.58995226  9.04971857  8.60995472],[110 245 402],[ 7.215985   12.89150196  8.60995472],[ 23.46689634 237.08650434 888.77298677],[121.84629019 102.356068    88.889532  ],[15.22023568 38.889721   38.738034  ],[106.62605451  63.466347    50.151498  ],632.6791782809997,0.790206154452217,0.25222665982709
116,116,hHBB_-423.7 kcal_hHBB,5mC,4.0,6,7,nts-Eukaryote Total RNA Nano_2020-10-21_17-06-53_Sample7.csv,[17.   17.05 17.1  ... 69.85 69.9  69.95],[0.09171677 0.09171677 0.09171677 ... 0.06147344 0.05503329 0.05950543],"[   37.66225132    36.88617102    36.12106069 ... 10825.95847135
 10852.97998341 10880.04542984]",[110 244 277 371 402],[ 7.1133302  14.34355151  6.420001    8.95710127  8.06692851],[110 244 402],[ 7.1133302  14.34355151  8.06692851],[ 23.46689634 234.42344415 888.77298677],[115.16698472 100.882427    63.789882  ],[11.43798896 44.77965    29.003175  ],[103.72899576  56.102777    34.786707  ],577.3993822455,0.6200532105567607,0.19791537857890995
117,117,hHBB_-423.7 kcal_hHBB,5mC,5.0,6,8,nts-Eukaryote Total RNA Nano_2020-10-21_17-06-53_Sample8.csv,[17.   17.05 17.1  ... 69.85 69.9  69.95],"[-0.01483917 -0.01483917 -0.01483917 ...  0.1121717   0.1128012
  0.1232038 ]","[   37.66225132    36.88617102    36.12106069 ... 10825.95847135
 10852.97998341 10880.04542984]",[110 244 278 331 371 402],[ 7.16758022 14.15724938  6.2886584  11.46828445  9.53599127  8.11826967],[110 244 402],[ 7.16758022 14.15724938  8.11826967],[ 23.46689634 234.42344415 888.77298677],[117.46246013 106.94895     49.486689  ],[15.43448224 49.45545    27.752166  ],[102.02797789  57.4935      21.734523  ],599.6491878430003,0.37803443867567665,0.12066517481488506
118,118,hHBB_-423.7 kcal_hHBB,5mC,18.0,6,9,nts-Eukaryote Total RNA Nano_2020-10-21_17-06-53_Sample9.csv,[17.   17.05 17.1  ... 69.85 69.9  69.95],[0.0677681  0.0677681  0.0677681  ... 0.07304696 0.09803225 0.104025  ],"[   37.66225132    36.88617102    36.12106069 ... 10825.95847135
 10852.97998341 10880.04542984]",[110 244],[ 7.27632305 15.03115547],[110 244 402],[ 7.16758022 14.15724938  8.11826967],[ 23.46689634 234.42344415 888.77298677],[117.2468271 115.797436    9.8268642],[16.5776216 61.584405   8.972991 ],[100.6692055  54.213031    0.8538732],572.4965400379998,0.015750331317944597,0.0050273633495667705
119,119,hHBB_-423.7 kcal_hHBB,5mC,24.0,6,10,nts-Eukaryote Total RNA Nano_2020-10-21_17-06-53_Sample10.csv,[17.   17.05 17.1  ... 69.85 69.9  69.95],[0.04169083 0.04169083 0.04169083 ... 0.03375224 0.04787777 0.05532222],"[   37.66225132    36.88617102    36.12106069 ... 10825.95847135
 10852.97998341 10880.04542984]",[110 209 243],[ 7.25272619  9.71055251 16.57071852],[110 244 402],[ 7.16758022 14.15724938  8.11826967],[ 23.46689634 234.42344415 888.77298677],[118.0206924 147.419703    9.1410423],[ 9.5902368 79.79235    8.2470492],[108.4304556  67.627353    0.8939931],700.1398630659996,0.013219401031414044,0.004219513285592835
120,120,hHBB_-423.7 kcal_hHBB,PSU,0.0,13,1,nts-Eukaryote Total RNA Nano_2020-10-22_12-33-14_Sample1.csv,[17.   17.05 17.1  ... 69.85 69.9  69.95],"[-0.05057347 -0.0368187  -0.02764959 ...  0.06742477  0.06742477
  0.06742477]","[-7.35073784e+00 -7.40112673e+00 -7.44771201e+00 ...  1.01674306e+04
  1.01899859e+04  1.02125633e+04]",[110 267 400],[8.02838196 7.36950247 6.42078246],[110 267 400],[8.02838196 7.36950247 6.42078246],[ 23.45635273 299.99837559 870.94810419],[148.3428632  57.023817  157.1671056],[22.43620242 23.11524    32.5914652 ],[125.90666078  33.908577   124.5756404 ],531.4319689499999,3.6738681307682124,1.0
121,121,hHBB_-423.7 kcal_hHBB,PSU,0.5,13,2,nts-Eukaryote Total RNA Nano_2020-10-22_12-33-14_Sample2.csv,[17.   17.05 17.1  ... 69.85 69.9  69.95],"[-0.05644171 -0.04758408 -0.03820994 ...  0.1831055   0.1831055
  0.1831055 ]","[-7.35073784e+00 -7.40112673e+00 -7.44771201e+00 ...  1.01674306e+04
  1.01899859e+04  1.02125633e+04]",[110 267 400],[8.20474842 7.54660522 6.7051594 ],[110 267 400],[8.20474842 7.54660522 6.7051594 ],[ 23.45635273 299.99837559 870.94810419],[149.36147333  39.3456833   92.2302391 ],[19.40580936 17.5507696  25.3540917 ],[129.95566397  21.7949137   66.8761474 ],427.2180168600005,3.068429098666264,0.8352039293322839
122,122,hHBB_-423.7 kcal_hHBB,PSU,1.0,13,3,nts-Eukaryote Total RNA Nano_2020-10-22_12-33-14_Sample3.csv,[17.   17.05 17.1  ... 69.85 69.9  69.95],"[-0.03643688 -0.04805622 -0.05770051 ...  0.09064484  0.09064484
  0.09064484]","[-7.35073784e+00 -7.40112673e+00 -7.44771201e+00 ...  1.01674306e+04
  1.01899859e+04  1.02125633e+04]",[110 268 401],[8.26186087 7.53874501 6.71654477],[110 268 401],[8.26186087 7.53874501 6.71654477],[ 23.45635273 302.99425527 876.66166507],[149.55155195  52.859797   120.714241  ],[25.35176871 23.062016   31.648015  ],[124.19978324  29.797781    89.066226  ],522.2838731399999,2.9890221020149124,0.8135899263727526
123,123,hHBB_-423.7 kcal_hHBB,PSU,1.5,13,4,nts-Eukaryote Total RNA Nano_2020-10-22_12-33-14_Sample4.csv,[17.   17.05 17.1  ... 69.85 69.9  69.95],[0.01924133 0.02452699 0.02890473 ... 0.2404099  0.2404099  0.2404099 ],"[-7.35073784e+00 -7.40112673e+00 -7.44771201e+00 ...  1.01674306e+04
  1.01899859e+04  1.02125633e+04]",[110 268 402],[8.23274784 7.48622597 7.06490852],[110 268 402],[8.23274784 7.48622597 7.06490852],[ 23.45635273 302.99425527 882.39787056],[151.35875049  43.534087    96.151163  ],[27.7566111 20.180328  26.640616 ],[123.60213939  23.353759    69.510547  ],472.6748970000001,2.976417929122244,0.8101591628167312
124,124,hHBB_-423.7 kcal_hHBB,PSU,2.0,13,5,nts-Eukaryote Total RNA Nano_2020-10-22_12-33-14_Sample5.csv,[17.   17.05 17.1  ... 69.85 69.9  69.95],"[-0.00399137 -0.02150152 -0.03703571 ... -0.1304779  -0.1304779
 -0.1304779 ]","[-7.35073784e+00 -7.40112673e+00 -7.44771201e+00 ...  1.01674306e+04
  1.01899859e+04  1.02125633e+04]",[110 268 401],[8.25816705 7.28788188 6.79241062],[110 268 401],[8.25816705 7.28788188 6.79241062],[ 23.45635273 302.99425527 876.66166507],[146.1040558  52.238813  104.991858 ],[24.187446 22.3906   30.864204],[121.9166098  29.848213   74.127654 ],483.51627486990014,2.4834871688968443,0.6759870198110629
125,125,hHBB_-423.7 kcal_hHBB,PSU,3.0,13,6,nts-Eukaryote Total RNA Nano_2020-10-22_12-33-14_Sample6.csv,[17.   17.05 17.1  ... 69.85 69.9  69.95],[0.01524376 0.02162683 0.02063265 ... 0.2314034  0.2314034  0.2314034 ],"[-7.35073784e+00 -7.40112673e+00 -7.44771201e+00 ...  1.01674306e+04
  1.01899859e+04  1.02125633e+04]",[110 267 401],[8.31628255 7.74538565 7.2981781 ],[110 267 401],[8.31628255 7.74538565 7.2981781 ],[ 23.45635273 299.99837559 876.66166507],[151.05487558  47.895447    89.309914  ],[22.78680921 23.458104   27.569216  ],[128.26806637  24.437343    61.740698  ],497.16934909800005,2.5264898070137978,0.6876920229811037
126,126,hHBB_-423.7 kcal_hHBB,PSU,4.0,13,7,nts-Eukaryote Total RNA Nano_2020-10-22_12-33-14_Sample7.csv,[17.   17.05 17.1  ... 69.85 69.9  69.95],"[-0.0850029  -0.03776493  0.01166069 ... -0.03417206 -0.03417206
 -0.03417206]","[-7.35073784e+00 -7.40112673e+00 -7.44771201e+00 ...  1.01674306e+04
  1.01899859e+04  1.02125633e+04]",[110 268 401],[8.28006777 8.00436338 7.49275183],[110 268 401],[8.28006777 8.00436338 7.49275183],[ 23.45635273 302.99425527 876.66166507],[138.7692002  53.701991   82.071386 ],[21.9817449 26.664696  26.957248 ],[116.7874553  27.037295   55.114138 ],519.2708782800004,2.0384486687740035,0.5548507992712739
127,127,hHBB_-423.7 kcal_hHBB,PSU,5.0,13,8,nts-Eukaryote Total RNA Nano_2020-10-22_12-33-14_Sample8.csv,[17.   17.05 17.1  ... 69.85 69.9  69.95],"[-0.1266112  -0.1040009  -0.08644265 ... -0.01750183 -0.01750183
 -0.01750183]","[-7.35073784e+00 -7.40112673e+00 -7.44771201e+00 ...  1.01674306e+04
  1.01899859e+04  1.02125633e+04]",[110 244 403],[ 8.38482328 12.11233883  8.37695326],[110 244 403],[ 8.38482328 12.11233883  8.37695326],[ 23.45635273 235.96287838 888.15674959],[140.52709667  38.3401607   38.4053016 ],[23.50793421 18.508243   13.157919  ],[117.01916246  19.8319177   25.2473826 ],342.44962485039997,1.273068141060308,0.34651982481312066
128,128,hHBB_-423.7 kcal_hHBB,PSU,18.0,13,9,nts-Eukaryote Total RNA Nano_2020-10-22_12-33-14_Sample9.csv,[17.   17.05 17.1  ... 69.85 69.9  69.95],[0.06909121 0.09847392 0.1198065  ... 0.02047729 0.02047729 0.02047729],"[-7.35073784e+00 -7.40112673e+00 -7.44771201e+00 ...  1.01674306e+04
  1.01899859e+04  1.02125633e+04]",[110 242],[ 8.23365783 13.27769462],[110 244 403],[ 8.38482328 12.11233883  8.37695326],[ 23.45635273 235.96287838 888.15674959],[143.14367752  73.401911    17.100906  ],[16.29034111 39.544986   11.6657712 ],[126.85333641  33.856925     5.4351348 ],482.98340369999977,0.16053244055684338,0.043695754676767826
129,129,hHBB_-423.7 kcal_hHBB,PSU,24.0,13,10,nts-Eukaryote Total RNA Nano_2020-10-22_12-33-14_Sample10.csv,[17.   17.05 17.1  ... 69.85 69.9  69.95],[-0.1530252 -0.1456126 -0.1553749 ...  0.3022728  0.3022728  0.3022728],"[-7.35073784e+00 -7.40112673e+00 -7.44771201e+00 ...  1.01674306e+04
  1.01899859e+04  1.02125633e+04]",[110 242],[ 8.2231083 15.1509167],[110 244 403],[ 8.38482328 12.11233883  8.37695326],[ 23.45635273 235.96287838 888.15674959],[139.35472619  92.329632    14.005251  ],[14.1084666 54.055287   9.5292414],[125.24625959  38.274345     4.4760096 ],579.2514617999998,0.1169454264991341,0.03183168865527043
