Data File Name,Eukaryote Total RNA Nano_2020-12-10_13-20-33.xad
Data File Path,C:\Program Files (x86)\Agilent\2100 bioanalyzer\2100 expert\Data\2020-12-10
Date Created,"Thursday, December 10, 2020 1:20:33 PM"
Date Last Modified,"Thursday, December 10, 2020 3:06:03 PM"
Version Created,B.02.11.SI811
Version Last Modified,B.02.11.SI811
 
Assay Name,Eukaryote Total RNA Nano Series II
Assay Path,C:\Program Files (x86)\Agilent\2100 bioanalyzer\2100 expert\assays\RNA
Assay Title,Eukaryote Total RNA Nano
Assay Version,2.6
 
Number of Samples Run,11
 
Sample Name,Sample 1
 
Peak Table
Time corrected area,Area,Aligned Migration Time [s],Peak Height,Peak Width
29.5,6.9,22.50,19.1,1.0
 
Fragment Table
Name,Start Time [s],End Time [s],Area,% of total Area
 
Region Table
Name,From [s],To [s],Corr. Area,% of Total,Color
Region 1,35.75,38.19,0.4,10,16711680
 
 
Sample Name,17a_PU_10_TP1
 
Peak Table
Time corrected area,Area,Aligned Migration Time [s],Peak Height,Peak Width
30.3,7.1,22.50,19.9,1.0
40.9,15.6,36.43,28.4,1.9
2.2,1.0,41.94,1.2,1.2
 
Fragment Table
Name,Start Time [s],End Time [s],Area,% of total Area
18S,41.07,44.04,2.1,3.6
 
Region Table
Name,From [s],To [s],Corr. Area,% of Total,Color
Region 1,35.75,38.19,42.9,72,16711680
 
 
Sample Name,17a_PU_10_TP2
 
Peak Table
Time corrected area,Area,Aligned Migration Time [s],Peak Height,Peak Width
30.6,7.2,22.50,20.5,0.9
48.1,18.4,36.44,33.1,2.0
3.3,1.4,41.81,1.7,1.7
 
Fragment Table
Name,Start Time [s],End Time [s],Area,% of total Area
18S,41.15,43.53,2.7,3.3
 
Region Table
Name,From [s],To [s],Corr. Area,% of Total,Color
Region 1,35.75,38.19,52.4,64,16711680
 
 
Sample Name,17a_PU_10_TP3
 
Peak Table
Time corrected area,Area,Aligned Migration Time [s],Peak Height,Peak Width
31.1,7.4,22.50,20.7,0.9
41.2,15.9,36.47,24.3,3.1
 
Fragment Table
Name,Start Time [s],End Time [s],Area,% of total Area
 
Region Table
Name,From [s],To [s],Corr. Area,% of Total,Color
Region 1,35.75,38.19,42.2,58,16711680
 
 
Sample Name,17a_PU_10_TP4
 
Peak Table
Time corrected area,Area,Aligned Migration Time [s],Peak Height,Peak Width
31.7,7.5,22.50,20.9,0.8
1.8,0.7,33.82,1.2,0.8
37.8,14.6,36.47,20.6,3.3
2.3,1.0,41.83,1.1,1.1
 
Fragment Table
Name,Start Time [s],End Time [s],Area,% of total Area
18S,41.35,42.49,0.6,0.8
 
Region Table
Name,From [s],To [s],Corr. Area,% of Total,Color
Region 1,35.75,38.19,38.0,52,16711680
 
 
Sample Name,17a_PU_10_TP5
 
Peak Table
Time corrected area,Area,Aligned Migration Time [s],Peak Height,Peak Width
32.4,7.7,22.50,21.2,1.0
1.8,0.6,33.80,1.2,0.8
37.0,14.1,36.42,18.9,3.2
 
Fragment Table
Name,Start Time [s],End Time [s],Area,% of total Area
 
Region Table
Name,From [s],To [s],Corr. Area,% of Total,Color
Region 1,35.75,38.19,36.0,53,16711680
 
 
Sample Name,17a_PU_10_TP6
 
Peak Table
Time corrected area,Area,Aligned Migration Time [s],Peak Height,Peak Width
31.0,7.3,22.50,20.6,0.8
29.0,11.0,36.46,13.0,3.3
 
Fragment Table
Name,Start Time [s],End Time [s],Area,% of total Area
 
Region Table
Name,From [s],To [s],Corr. Area,% of Total,Color
Region 1,35.75,38.19,27.9,48,16711680
 
 
Sample Name,17a_PU_10_TP7
 
Peak Table
Time corrected area,Area,Aligned Migration Time [s],Peak Height,Peak Width
30.8,7.2,22.50,20.6,1.0
2.3,0.7,30.66,1.2,0.9
5.5,1.9,33.70,2.2,1.5
4.6,1.7,34.72,2.6,0.8
34.4,13.0,36.41,16.9,2.3
 
Fragment Table
Name,Start Time [s],End Time [s],Area,% of total Area
 
Region Table
Name,From [s],To [s],Corr. Area,% of Total,Color
Region 1,35.75,38.19,37.2,41,16711680
 
 
Sample Name,17a_PU_10_TP8
 
Peak Table
Time corrected area,Area,Aligned Migration Time [s],Peak Height,Peak Width
31.6,7.3,22.50,20.9,0.7
23.4,8.8,36.40,8.4,3.3
 
Fragment Table
Name,Start Time [s],End Time [s],Area,% of total Area
 
Region Table
Name,From [s],To [s],Corr. Area,% of Total,Color
Region 1,35.75,38.19,21.8,32,16711680
 
 
Sample Name,17a_PU_10_TP9
 
Peak Table
Time corrected area,Area,Aligned Migration Time [s],Peak Height,Peak Width
31.4,7.2,22.50,21.0,0.9
3.5,0.9,26.55,1.7,0.6
9.8,2.8,28.26,2.1,1.6
13.2,4.7,34.85,2.3,2.3
 
Fragment Table
Name,Start Time [s],End Time [s],Area,% of total Area
 
Region Table
Name,From [s],To [s],Corr. Area,% of Total,Color
Region 1,35.75,38.19,6.2,9,16711680
 
 
Sample Name,17a_PU_10_TP10
 
Peak Table
Time corrected area,Area,Aligned Migration Time [s],Peak Height,Peak Width
30.3,6.9,22.50,20.7,0.7
12.0,3.3,26.58,2.3,1.6
14.8,4.2,28.25,2.7,1.7
 
Fragment Table
Name,Start Time [s],End Time [s],Area,% of total Area
 
Region Table
Name,From [s],To [s],Corr. Area,% of Total,Color
Region 1,35.75,38.19,5.4,6,16711680
 
