Data File Name,Eukaryote Total RNA Nano_2020-12-02_16-14-33.xad
Data File Path,C:\Program Files (x86)\Agilent\2100 bioanalyzer\2100 expert\Data\2020-12-02
Date Created,"Wednesday, December 2, 2020 4:14:32 PM"
Date Last Modified,"Wednesday, December 2, 2020 5:06:42 PM"
Version Created,B.02.11.SI811
Version Last Modified,B.02.11.SI811
 
Assay Name,Eukaryote Total RNA Nano Series II
Assay Path,C:\Program Files (x86)\Agilent\2100 bioanalyzer\2100 expert\assays\RNA
Assay Title,Eukaryote Total RNA Nano
Assay Version,2.6
 
Number of Samples Run,12
 
Sample Name,17a19_TP1
 
Peak Table
Time corrected area,Area,Aligned Migration Time [s],Peak Height,Peak Width
17.6,4.3,22.50,12.7,1.0
8.9,2.9,30.20,5.7,1.3
23.3,9.1,36.69,19.9,1.6
1.0,0.5,42.43,0.8,0.8
 
Fragment Table
Name,Start Time [s],End Time [s],Area,% of total Area
18S,41.69,43.09,1.0,2.2
 
Region Table
Name,From [s],To [s],Corr. Area,% of Total,Color
Region 1,29.23,30.93,9.1,21,16711680
Region 2,36.12,37.57,23.8,55,32768
 
 
Sample Name,17a19_TP2
 
Peak Table
Time corrected area,Area,Aligned Migration Time [s],Peak Height,Peak Width
17.2,4.2,22.50,12.5,0.7
26.4,8.6,30.05,14.4,2.4
3.7,1.3,33.47,1.5,1.3
63.2,25.0,36.57,36.2,3.5
4.9,2.2,41.99,2.5,1.9
 
Fragment Table
Name,Start Time [s],End Time [s],Area,% of total Area
18S,41.34,43.01,2.8,2.3
 
Region Table
Name,From [s],To [s],Corr. Area,% of Total,Color
Region 1,29.23,30.93,25.7,21,16711680
Region 2,36.12,37.57,54.6,45,32768
 
 
Sample Name,17a19_TP3
 
Peak Table
Time corrected area,Area,Aligned Migration Time [s],Peak Height,Peak Width
17.2,4.2,22.50,12.5,0.7
10.8,3.5,30.18,6.5,1.3
2.7,1.0,33.59,1.3,1.2
26.6,10.6,36.72,12.8,3.4
 
Fragment Table
Name,Start Time [s],End Time [s],Area,% of total Area
 
Region Table
Name,From [s],To [s],Corr. Area,% of Total,Color
Region 1,29.23,30.93,12.1,19,16711680
Region 2,36.12,37.57,21.6,34,32768
 
 
Sample Name,17a19_TP4
 
Peak Table
Time corrected area,Area,Aligned Migration Time [s],Peak Height,Peak Width
16.6,4.1,22.50,12.3,0.9
9.9,3.3,30.17,5.8,1.5
3.6,1.3,33.59,1.6,1.5
3.5,1.3,35.14,1.9,0.9
18.7,7.5,36.69,9.0,2.3
 
Fragment Table
Name,Start Time [s],End Time [s],Area,% of total Area
 
Region Table
Name,From [s],To [s],Corr. Area,% of Total,Color
Region 1,29.23,30.93,11.0,20,16711680
Region 2,36.12,37.57,16.7,31,32768
 
 
Sample Name,17a20_TP1
 
Peak Table
Time corrected area,Area,Aligned Migration Time [s],Peak Height,Peak Width
16.6,4.1,22.50,12.0,1.0
7.4,2.4,30.14,4.7,1.1
28.0,11.3,36.77,24.3,1.7
2.6,1.2,42.36,2.0,1.2
 
Fragment Table
Name,Start Time [s],End Time [s],Area,% of total Area
18S,41.68,43.55,2.6,5.4
 
Region Table
Name,From [s],To [s],Corr. Area,% of Total,Color
Region 1,29.23,30.93,8.3,17,16711680
Region 2,36.12,37.57,28.6,59,32768
 
 
Sample Name,17a20_TP2
 
Peak Table
Time corrected area,Area,Aligned Migration Time [s],Peak Height,Peak Width
16.6,4.1,22.50,12.2,0.7
10.8,3.6,30.15,6.3,1.8
1.4,0.6,35.16,1.1,0.6
29.1,11.8,36.76,21.5,2.0
1.8,0.8,42.36,1.0,1.0
 
Fragment Table
Name,Start Time [s],End Time [s],Area,% of total Area
18S,41.72,43.31,1.1,1.8
 
Region Table
Name,From [s],To [s],Corr. Area,% of Total,Color
Region 1,29.23,30.93,11.2,18,16711680
Region 2,36.12,37.57,29.5,48,32768
 
 
Sample Name,17a20_TP3
 
Peak Table
Time corrected area,Area,Aligned Migration Time [s],Peak Height,Peak Width
15.1,3.7,22.50,11.2,0.7
10.0,3.3,30.18,6.0,1.4
5.9,2.3,35.17,2.2,2.4
25.8,10.4,36.81,15.5,2.0
 
Fragment Table
Name,Start Time [s],End Time [s],Area,% of total Area
 
Region Table
Name,From [s],To [s],Corr. Area,% of Total,Color
Region 1,29.23,30.93,11.3,18,16711680
Region 2,36.12,37.57,25.9,40,32768
 
 
Sample Name,17a20_TP4
 
Peak Table
Time corrected area,Area,Aligned Migration Time [s],Peak Height,Peak Width
14.8,3.6,22.50,11.0,0.7
8.6,2.8,30.15,5.5,1.1
7.0,2.7,35.10,2.3,2.4
18.9,7.6,36.80,9.7,2.0
 
Fragment Table
Name,Start Time [s],End Time [s],Area,% of total Area
 
Region Table
Name,From [s],To [s],Corr. Area,% of Total,Color
Region 1,29.23,30.93,11.0,18,16711680
Region 2,36.12,37.57,18.8,30,32768
 
 
Sample Name,17a21_TP1
 
Peak Table
Time corrected area,Area,Aligned Migration Time [s],Peak Height,Peak Width
14.5,3.6,22.50,10.7,0.9
8.8,2.9,30.17,5.3,1.4
1.1,0.4,34.35,0.7,0.8
27.1,10.7,36.46,30.9,1.6
1.5,0.7,41.74,1.8,0.9
 
Fragment Table
Name,Start Time [s],End Time [s],Area,% of total Area
18S,41.33,42.98,1.7,3.2
 
Region Table
Name,From [s],To [s],Corr. Area,% of Total,Color
Region 1,29.23,30.93,9.2,18,16711680
Region 2,36.12,37.57,27.3,53,32768
 
 
Sample Name,17a21_TP2
 
Peak Table
Time corrected area,Area,Aligned Migration Time [s],Peak Height,Peak Width
13.8,3.4,22.50,10.3,0.7
12.0,3.9,30.15,6.8,1.8
1.7,0.6,33.38,1.0,0.9
31.0,12.3,36.47,25.4,3.6
1.0,0.4,41.77,1.0,0.9
 
Fragment Table
Name,Start Time [s],End Time [s],Area,% of total Area
18S,41.27,43.16,1.2,2.1
 
Region Table
Name,From [s],To [s],Corr. Area,% of Total,Color
Region 1,29.23,30.93,12.0,21,16711680
Region 2,36.12,37.57,26.3,46,32768
 
 
Sample Name,17a21_TP3
 
Peak Table
Time corrected area,Area,Aligned Migration Time [s],Peak Height,Peak Width
13.7,3.3,22.50,10.2,0.7
9.3,3.0,30.20,4.9,1.6
2.5,0.9,33.34,1.6,1.0
4.1,1.6,35.13,1.3,1.5
15.3,6.1,36.47,12.5,1.6
 
Fragment Table
Name,Start Time [s],End Time [s],Area,% of total Area
 
Region Table
Name,From [s],To [s],Corr. Area,% of Total,Color
Region 1,29.23,30.93,9.5,21,16711680
Region 2,36.12,37.57,14.7,32,32768
 
 
Sample Name,17a21_TP4
 
Peak Table
Time corrected area,Area,Aligned Migration Time [s],Peak Height,Peak Width
13.4,3.3,22.50,10.0,0.7
6.1,2.0,30.23,3.2,1.6
2.1,0.8,33.40,1.4,1.0
12.2,4.8,36.53,5.9,3.4
 
Fragment Table
Name,Start Time [s],End Time [s],Area,% of total Area
 
Region Table
Name,From [s],To [s],Corr. Area,% of Total,Color
Region 1,29.23,30.93,6.4,20,16711680
Region 2,36.12,37.57,8.4,27,32768
 
