Data File Name,Eukaryote Total RNA Nano_2020-12-11_09-26-01.xad
Data File Path,C:\Program Files (x86)\Agilent\2100 bioanalyzer\2100 expert\Data\2020-12-11
Date Created,"Friday, December 11, 2020 9:26:00 AM"
Date Last Modified,"Friday, December 11, 2020 10:34:04 AM"
Version Created,B.02.11.SI811
Version Last Modified,B.02.11.SI811
 
Assay Name,Eukaryote Total RNA Nano Series II
Assay Path,C:\Program Files (x86)\Agilent\2100 bioanalyzer\2100 expert\assays\RNA
Assay Title,Eukaryote Total RNA Nano
Assay Version,2.6
 
Number of Samples Run,12
 
Sample Name,Blank
 
Peak Table
Time corrected area,Area,Aligned Migration Time [s],Peak Height,Peak Width
20.7,5.1,22.50,13.7,0.8
 
Fragment Table
Name,Start Time [s],End Time [s],Area,% of total Area
 
Region Table
Name,From [s],To [s],Corr. Area,% of Total,Color
Region 1,35.97,38.38,0.2,4,16711680
 
 
Sample Name,17a_PU_22_TP1
 
Peak Table
Time corrected area,Area,Aligned Migration Time [s],Peak Height,Peak Width
20.2,5.0,22.50,13.9,0.9
54.0,21.9,37.16,45.9,2.0
3.7,1.8,43.49,2.3,1.3
2.3,1.1,45.50,1.3,1.4
 
Fragment Table
Name,Start Time [s],End Time [s],Area,% of total Area
18S,42.66,44.91,3.1,3.7
 
Region Table
Name,From [s],To [s],Corr. Area,% of Total,Color
Region 1,35.97,38.38,56.9,67,16711680
 
 
Sample Name,17a_PU_22_TP2
 
Peak Table
Time corrected area,Area,Aligned Migration Time [s],Peak Height,Peak Width
20.0,5.0,22.50,14.0,0.9
32.1,13.2,37.20,23.6,2.0
4.1,2.0,43.46,2.4,1.7
 
Fragment Table
Name,Start Time [s],End Time [s],Area,% of total Area
18S,42.37,45.09,4.2,6.3
 
Region Table
Name,From [s],To [s],Corr. Area,% of Total,Color
Region 1,35.97,38.38,35.9,53,16711680
 
 
Sample Name,17a_PU_22_TP3
 
Peak Table
Time corrected area,Area,Aligned Migration Time [s],Peak Height,Peak Width
20.4,5.1,22.50,14.3,1.0
1.4,0.5,33.84,1.0,0.6
1.6,0.6,35.06,1.1,0.6
35.4,14.7,37.22,23.5,2.3
3.6,1.7,43.52,1.9,1.5
 
Fragment Table
Name,Start Time [s],End Time [s],Area,% of total Area
18S,42.66,45.09,3.1,4.1
 
Region Table
Name,From [s],To [s],Corr. Area,% of Total,Color
Region 1,35.97,38.38,38.3,51,16711680
 
 
Sample Name,17a_PU_22_TP4
 
Peak Table
Time corrected area,Area,Aligned Migration Time [s],Peak Height,Peak Width
20.2,5.1,22.50,14.2,0.9
1.9,0.7,33.79,1.2,0.7
1.8,0.7,35.00,1.2,0.6
26.5,11.0,37.25,16.2,2.2
 
Fragment Table
Name,Start Time [s],End Time [s],Area,% of total Area
18S,41.95,45.13,3.8,6.1
 
Region Table
Name,From [s],To [s],Corr. Area,% of Total,Color
Region 1,35.97,38.38,30.5,49,16711680
 
 
Sample Name,17a_PU_22_TP5
 
Peak Table
Time corrected area,Area,Aligned Migration Time [s],Peak Height,Peak Width
20.6,5.2,22.50,14.3,0.8
2.3,0.9,33.77,1.4,0.7
1.9,0.8,35.07,1.3,0.6
22.0,9.1,37.23,12.3,2.3
4.7,2.3,43.47,1.8,1.5
 
Fragment Table
Name,Start Time [s],End Time [s],Area,% of total Area
18S,41.99,45.36,3.3,5.8
 
Region Table
Name,From [s],To [s],Corr. Area,% of Total,Color
Region 1,35.97,38.38,26.2,45,16711680
 
 
Sample Name,17a_PU_22_TP6
 
Peak Table
Time corrected area,Area,Aligned Migration Time [s],Peak Height,Peak Width
19.0,4.7,22.50,13.6,0.9
5.3,2.0,33.66,2.9,0.9
4.5,1.7,34.88,2.5,0.7
31.3,12.9,37.18,15.5,2.2
6.0,2.9,43.42,1.8,1.8
 
Fragment Table
Name,Start Time [s],End Time [s],Area,% of total Area
18S,42.38,44.14,1.3,1.4
 
Region Table
Name,From [s],To [s],Corr. Area,% of Total,Color
Region 1,35.97,38.38,37.9,39,16711680
 
 
Sample Name,17a_PU_22_TP7
 
Peak Table
Time corrected area,Area,Aligned Migration Time [s],Peak Height,Peak Width
19.2,4.8,22.50,13.4,1.0
1.3,0.4,28.40,0.8,0.9
1.8,0.6,31.21,0.6,1.4
11.8,4.3,33.52,5.0,1.8
6.8,2.6,34.75,3.9,0.7
38.1,15.6,37.11,16.3,2.4
 
Fragment Table
Name,Start Time [s],End Time [s],Area,% of total Area
 
Region Table
Name,From [s],To [s],Corr. Area,% of Total,Color
Region 1,35.97,38.38,46.8,33,16711680
 
 
Sample Name,17a_PU_22_TP8
 
Peak Table
Time corrected area,Area,Aligned Migration Time [s],Peak Height,Peak Width
18.1,4.5,22.50,12.8,0.9
7.4,2.7,33.55,3.8,1.0
8.2,3.2,34.91,2.7,1.2
23.2,9.5,37.18,8.5,2.3
 
Fragment Table
Name,Start Time [s],End Time [s],Area,% of total Area
18S,41.50,42.95,0.7,0.7
 
Region Table
Name,From [s],To [s],Corr. Area,% of Total,Color
Region 1,35.97,38.38,30.2,31,16711680
 
 
Sample Name,17a_PU_22_TP9
 
Peak Table
Time corrected area,Area,Aligned Migration Time [s],Peak Height,Peak Width
17.4,4.3,22.50,12.6,0.8
15.7,5.7,33.41,2.8,3.2
 
Fragment Table
Name,Start Time [s],End Time [s],Area,% of total Area
 
Region Table
Name,From [s],To [s],Corr. Area,% of Total,Color
Region 1,35.97,38.38,7.4,8,16711680
 
 
Sample Name,17a_PU_22_TP10
 
Peak Table
Time corrected area,Area,Aligned Migration Time [s],Peak Height,Peak Width
17.2,4.2,22.50,12.7,0.8
25.0,9.1,33.38,2.9,3.2
 
Fragment Table
Name,Start Time [s],End Time [s],Area,% of total Area
 
Region Table
Name,From [s],To [s],Corr. Area,% of Total,Color
Region 1,35.97,38.38,4.4,6,16711680
 
 
Sample Name,Blank
 
Peak Table
Time corrected area,Area,Aligned Migration Time [s],Peak Height,Peak Width
18.4,4.5,22.50,13.0,1.0
 
Fragment Table
Name,Start Time [s],End Time [s],Area,% of total Area
 
Region Table
Name,From [s],To [s],Corr. Area,% of Total,Color
Region 1,35.97,38.38,0.6,7,16711680
 
