Data File Name,Eukaryote Total RNA Nano_2020-12-11_08-13-41.xad
Data File Path,C:\Program Files (x86)\Agilent\2100 bioanalyzer\2100 expert\Data\2020-12-11
Date Created,"Friday, December 11, 2020 8:13:40 AM"
Date Last Modified,"Friday, December 11, 2020 10:25:17 AM"
Version Created,B.02.11.SI811
Version Last Modified,B.02.11.SI811
 
Assay Name,Eukaryote Total RNA Nano Series II
Assay Path,C:\Program Files (x86)\Agilent\2100 bioanalyzer\2100 expert\assays\RNA
Assay Title,Eukaryote Total RNA Nano
Assay Version,2.6
 
Number of Samples Run,12
 
Sample Name,Blank
 
Peak Table
Time corrected area,Area,Aligned Migration Time [s],Peak Height,Peak Width
21.5,5.2,22.50,14.4,1.0
 
Fragment Table
Name,Start Time [s],End Time [s],Area,% of total Area
 
Region Table
Name,From [s],To [s],Corr. Area,% of Total,Color
Region 1,35.85,38.30,1.2,10,16711680
 
 
Sample Name,17a_PU_19_TP1
 
Peak Table
Time corrected area,Area,Aligned Migration Time [s],Peak Height,Peak Width
22.2,5.4,22.50,15.2,1.1
1.0,0.4,34.77,0.8,0.6
38.4,15.2,36.62,30.5,2.2
3.9,1.8,42.27,3.3,1.3
 
Fragment Table
Name,Start Time [s],End Time [s],Area,% of total Area
18S,41.11,44.21,4.3,6.2
 
Region Table
Name,From [s],To [s],Corr. Area,% of Total,Color
Region 1,35.85,38.30,40.3,59,16711680
 
 
Sample Name,17a_PU_19_TP2
 
Peak Table
Time corrected area,Area,Aligned Migration Time [s],Peak Height,Peak Width
22.7,5.6,22.50,15.6,1.0
1.0,0.4,33.57,0.7,0.9
1.2,0.5,34.71,1.2,0.6
44.9,17.9,36.60,31.4,2.3
2.7,1.3,42.29,1.5,1.7
 
Fragment Table
Name,Start Time [s],End Time [s],Area,% of total Area
18S,40.96,43.76,2.7,4.3
 
Region Table
Name,From [s],To [s],Corr. Area,% of Total,Color
Region 1,35.85,38.30,45.0,72,16711680
 
 
Sample Name,17a_PU_19_TP3
 
Peak Table
Time corrected area,Area,Aligned Migration Time [s],Peak Height,Peak Width
23.3,5.7,22.50,16.0,1.0
1.7,0.6,33.61,1.1,0.9
2.7,1.0,35.21,1.3,1.0
40.3,16.1,36.63,25.6,2.3
4.3,2.0,42.35,2.3,2.0
 
Fragment Table
Name,Start Time [s],End Time [s],Area,% of total Area
18S,40.61,43.90,4.8,8.3
 
Region Table
Name,From [s],To [s],Corr. Area,% of Total,Color
Region 1,35.85,38.30,40.2,69,16711680
 
 
Sample Name,17a_PU_19_TP4
 
Peak Table
Time corrected area,Area,Aligned Migration Time [s],Peak Height,Peak Width
23.4,5.8,22.50,16.1,0.9
2.6,0.9,33.59,1.7,1.0
43.0,17.3,36.65,22.8,3.5
1.8,0.8,40.53,3.0,0.7
3.3,1.5,42.40,1.5,1.8
 
Fragment Table
Name,Start Time [s],End Time [s],Area,% of total Area
18S,40.25,40.80,1.6,2.5
 
Region Table
Name,From [s],To [s],Corr. Area,% of Total,Color
Region 1,35.85,38.30,38.8,60,16711680
 
 
Sample Name,17a_PU_19_TP5
 
Peak Table
Time corrected area,Area,Aligned Migration Time [s],Peak Height,Peak Width
23.2,5.7,22.50,16.1,0.9
1.2,0.4,31.10,0.9,0.5
5.3,2.0,33.48,3.2,1.3
62.9,25.2,36.63,30.1,3.6
1.3,0.5,38.60,0.8,0.8
1.8,0.8,41.57,1.2,0.8
1.5,0.7,42.30,1.2,0.9
 
Fragment Table
Name,Start Time [s],End Time [s],Area,% of total Area
18S,41.02,42.03,0.6,0.6
 
Region Table
Name,From [s],To [s],Corr. Area,% of Total,Color
Region 1,35.85,38.30,53.9,55,16711680
 
 
Sample Name,17a_PU_19_TP6
 
Peak Table
Time corrected area,Area,Aligned Migration Time [s],Peak Height,Peak Width
21.2,5.2,22.50,14.9,0.7
4.3,1.6,33.50,2.7,1.1
39.2,15.7,36.61,17.2,3.4
 
Fragment Table
Name,Start Time [s],End Time [s],Area,% of total Area
 
Region Table
Name,From [s],To [s],Corr. Area,% of Total,Color
Region 1,35.85,38.30,35.4,46,16711680
 
 
Sample Name,17a_PU_19_TP7
 
Peak Table
Time corrected area,Area,Aligned Migration Time [s],Peak Height,Peak Width
21.0,5.2,22.50,14.9,0.7
3.7,1.4,33.52,2.4,1.1
4.3,1.6,35.13,2.4,1.0
19.7,7.9,36.69,10.2,1.8
 
Fragment Table
Name,Start Time [s],End Time [s],Area,% of total Area
 
Region Table
Name,From [s],To [s],Corr. Area,% of Total,Color
Region 1,35.85,38.30,23.9,40,16711680
 
 
Sample Name,17a_PU_19_TP8
 
Peak Table
Time corrected area,Area,Aligned Migration Time [s],Peak Height,Peak Width
19.7,4.8,22.50,14.1,0.8
0.9,0.3,31.13,0.7,0.5
6.6,2.4,33.47,3.9,1.4
6.8,2.6,35.04,3.6,1.0
4.6,1.8,35.63,3.9,0.5
26.3,10.5,36.69,12.4,1.9
 
Fragment Table
Name,Start Time [s],End Time [s],Area,% of total Area
 
Region Table
Name,From [s],To [s],Corr. Area,% of Total,Color
Region 1,35.85,38.30,31.6,39,16711680
 
 
Sample Name,17a_PU_19_TP9
 
Peak Table
Time corrected area,Area,Aligned Migration Time [s],Peak Height,Peak Width
19.3,4.7,22.50,14.3,0.6
1.3,0.4,30.31,0.8,0.8
10.7,3.9,33.38,3.4,1.8
7.1,2.7,34.71,2.3,1.3
 
Fragment Table
Name,Start Time [s],End Time [s],Area,% of total Area
 
Region Table
Name,From [s],To [s],Corr. Area,% of Total,Color
Region 1,35.85,38.30,7.1,10,16711680
 
 
Sample Name,17a_PU_19_TP10
 
Peak Table
Time corrected area,Area,Aligned Migration Time [s],Peak Height,Peak Width
18.3,4.5,22.50,13.7,0.8
1.9,0.6,30.29,1.1,0.9
17.3,6.3,33.31,3.8,3.2
10.0,3.8,34.69,2.5,1.9
 
Fragment Table
Name,Start Time [s],End Time [s],Area,% of total Area
 
Region Table
Name,From [s],To [s],Corr. Area,% of Total,Color
Region 1,35.85,38.30,5.7,6,16711680
 
 
Sample Name,Blank
 
Peak Table
Time corrected area,Area,Aligned Migration Time [s],Peak Height,Peak Width
20.0,4.9,22.50,14.0,1.0
 
Fragment Table
Name,Start Time [s],End Time [s],Area,% of total Area
 
Region Table
Name,From [s],To [s],Corr. Area,% of Total,Color
Region 1,35.85,38.30,0.5,9,16711680
 
