Data File Name,Eukaryote Total RNA Nano_2020-12-11_07-40-22.xad
Data File Path,C:\Program Files (x86)\Agilent\2100 bioanalyzer\2100 expert\Data\2020-12-11
Date Created,"Friday, December 11, 2020 7:40:22 AM"
Date Last Modified,"Friday, December 11, 2020 10:20:19 AM"
Version Created,B.02.11.SI811
Version Last Modified,B.02.11.SI811
 
Assay Name,Eukaryote Total RNA Nano Series II
Assay Path,C:\Program Files (x86)\Agilent\2100 bioanalyzer\2100 expert\assays\RNA
Assay Title,Eukaryote Total RNA Nano
Assay Version,2.6
 
Number of Samples Run,12
 
Sample Name,Blank
 
Peak Table
Time corrected area,Area,Aligned Migration Time [s],Peak Height,Peak Width
25.0,5.9,22.50,15.5,1.0
 
Fragment Table
Name,Start Time [s],End Time [s],Area,% of total Area
 
Region Table
Name,From [s],To [s],Corr. Area,% of Total,Color
Region 1,35.96,38.38,0.2,2,16711680
 
 
Sample Name,17a_PU_17_TP1
 
Peak Table
Time corrected area,Area,Aligned Migration Time [s],Peak Height,Peak Width
24.9,5.9,22.50,16.1,1.0
49.0,19.1,36.98,39.7,2.2
5.6,2.5,42.67,3.8,1.7
 
Fragment Table
Name,Start Time [s],End Time [s],Area,% of total Area
18S,41.91,45.19,6.2,8.1
 
Region Table
Name,From [s],To [s],Corr. Area,% of Total,Color
Region 1,35.96,38.38,51.4,67,16711680
 
 
Sample Name,17a_PU_17_TP2
 
Peak Table
Time corrected area,Area,Aligned Migration Time [s],Peak Height,Peak Width
24.3,5.8,22.50,15.9,1.0
46.5,18.2,36.95,31.1,2.7
5.0,2.3,42.74,3.0,1.8
 
Fragment Table
Name,Start Time [s],End Time [s],Area,% of total Area
18S,41.89,44.86,5.5,6.6
 
Region Table
Name,From [s],To [s],Corr. Area,% of Total,Color
Region 1,35.96,38.38,49.4,60,16711680
 
 
Sample Name,17a_PU_17_TP3
 
Peak Table
Time corrected area,Area,Aligned Migration Time [s],Peak Height,Peak Width
24.2,5.8,22.50,15.8,0.8
2.0,0.7,32.74,1.2,0.7
48.5,19.2,37.00,27.6,3.7
3.7,1.7,42.80,1.9,1.7
 
Fragment Table
Name,Start Time [s],End Time [s],Area,% of total Area
18S,41.87,44.81,3.7,4.6
 
Region Table
Name,From [s],To [s],Corr. Area,% of Total,Color
Region 1,35.96,38.38,47.2,58,16711680
 
 
Sample Name,17a_PU_17_TP4
 
Peak Table
Time corrected area,Area,Aligned Migration Time [s],Peak Height,Peak Width
25.2,6.1,22.50,16.3,0.9
3.0,1.1,32.72,1.6,0.9
45.9,18.2,37.02,22.6,3.8
2.9,1.3,42.85,1.3,1.7
 
Fragment Table
Name,Start Time [s],End Time [s],Area,% of total Area
18S,41.97,44.58,2.7,3.4
 
Region Table
Name,From [s],To [s],Corr. Area,% of Total,Color
Region 1,35.96,38.38,44.0,56,16711680
 
 
Sample Name,17a_PU_17_TP5
 
Peak Table
Time corrected area,Area,Aligned Migration Time [s],Peak Height,Peak Width
24.3,5.9,22.50,15.9,0.8
3.9,1.4,32.65,2.0,0.9
46.5,18.4,37.00,21.7,3.8
 
Fragment Table
Name,Start Time [s],End Time [s],Area,% of total Area
 
Region Table
Name,From [s],To [s],Corr. Area,% of Total,Color
Region 1,35.96,38.38,45.7,53,16711680
 
 
Sample Name,17a_PU_17_TP6
 
Peak Table
Time corrected area,Area,Aligned Migration Time [s],Peak Height,Peak Width
23.9,5.7,22.50,15.9,0.9
4.7,1.6,32.58,2.3,0.9
41.2,16.3,36.98,15.5,3.9
 
Fragment Table
Name,Start Time [s],End Time [s],Area,% of total Area
 
Region Table
Name,From [s],To [s],Corr. Area,% of Total,Color
Region 1,35.96,38.38,38.9,43,16711680
 
 
Sample Name,17a_PU_17_TP7
 
Peak Table
Time corrected area,Area,Aligned Migration Time [s],Peak Height,Peak Width
23.5,5.6,22.50,15.6,0.9
4.0,1.4,32.57,2.1,0.9
2.1,0.7,33.61,1.0,0.8
32.3,12.7,37.04,9.9,3.8
 
Fragment Table
Name,Start Time [s],End Time [s],Area,% of total Area
 
Region Table
Name,From [s],To [s],Corr. Area,% of Total,Color
Region 1,35.96,38.38,29.3,41,16711680
 
 
Sample Name,17a_PU_17_TP8
 
Peak Table
Time corrected area,Area,Aligned Migration Time [s],Peak Height,Peak Width
22.9,5.5,22.50,15.2,0.9
9.5,3.3,32.55,2.6,2.0
2.9,1.0,33.58,1.3,0.9
33.1,13.0,37.03,9.0,3.8
 
Fragment Table
Name,Start Time [s],End Time [s],Area,% of total Area
 
Region Table
Name,From [s],To [s],Corr. Area,% of Total,Color
Region 1,35.96,38.38,29.8,33,16711680
 
 
Sample Name,17a_PU_17_TP9 
 
Peak Table
Time corrected area,Area,Aligned Migration Time [s],Peak Height,Peak Width
22.1,5.3,22.50,14.7,0.8
6.5,1.8,26.48,1.0,2.7
9.4,2.9,29.23,2.0,2.3
5.1,1.7,31.31,1.6,1.1
2.3,0.8,32.49,1.4,0.8
 
Fragment Table
Name,Start Time [s],End Time [s],Area,% of total Area
 
Region Table
Name,From [s],To [s],Corr. Area,% of Total,Color
Region 1,35.96,38.38,6.5,9,16711680
 
 
Sample Name,17a_PU_17_TP10
 
Peak Table
Time corrected area,Area,Aligned Migration Time [s],Peak Height,Peak Width
22.3,5.3,22.50,15.1,0.9
9.0,2.8,29.23,3.0,0.9
 
Fragment Table
Name,Start Time [s],End Time [s],Area,% of total Area
 
Region Table
Name,From [s],To [s],Corr. Area,% of Total,Color
Region 1,35.96,38.38,5.1,6,16711680
 
 
Sample Name,Blank
 
Peak Table
Time corrected area,Area,Aligned Migration Time [s],Peak Height,Peak Width
21.8,5.2,22.50,14.3,0.8
 
Fragment Table
Name,Start Time [s],End Time [s],Area,% of total Area
 
Region Table
Name,From [s],To [s],Corr. Area,% of Total,Color
Region 1,35.96,38.38,0.9,9,16711680
 
