Data File Name,Eukaryote Total RNA Nano_2020-12-11_08-50-00.xad
Data File Path,C:\Program Files (x86)\Agilent\2100 bioanalyzer\2100 expert\Data\2020-12-11
Date Created,"Friday, December 11, 2020 8:49:59 AM"
Date Last Modified,"Friday, December 11, 2020 10:27:55 AM"
Version Created,B.02.11.SI811
Version Last Modified,B.02.11.SI811
 
Assay Name,Eukaryote Total RNA Nano Series II
Assay Path,C:\Program Files (x86)\Agilent\2100 bioanalyzer\2100 expert\assays\RNA
Assay Title,Eukaryote Total RNA Nano
Assay Version,2.6
 
Number of Samples Run,12
 
Sample Name,Blank
 
Peak Table
Time corrected area,Area,Aligned Migration Time [s],Peak Height,Peak Width
25.7,6.2,22.50,16.3,1.1
 
Fragment Table
Name,Start Time [s],End Time [s],Area,% of total Area
 
Region Table
Name,From [s],To [s],Corr. Area,% of Total,Color
Region 1,35.95,38.37,0.6,7,16711680
 
 
Sample Name,17a_PU_20_TP1
 
Peak Table
Time corrected area,Area,Aligned Migration Time [s],Peak Height,Peak Width
25.3,6.1,22.50,16.7,1.0
55.6,21.9,36.74,48.3,1.9
2.5,1.1,42.34,1.6,1.4
 
Fragment Table
Name,Start Time [s],End Time [s],Area,% of total Area
18S,41.31,44.07,2.7,3.7
 
Region Table
Name,From [s],To [s],Corr. Area,% of Total,Color
Region 1,35.95,38.37,57.8,80,16711680
 
 
Sample Name,17a_PU_20_TP2
 
Peak Table
Time corrected area,Area,Aligned Migration Time [s],Peak Height,Peak Width
24.9,6.0,22.50,16.6,1.0
1.9,0.7,35.23,1.7,0.5
69.6,27.6,36.71,50.7,2.5
6.9,3.1,42.27,5.0,1.8
 
Fragment Table
Name,Start Time [s],End Time [s],Area,% of total Area
18S,41.16,44.44,7.6,7.3
 
Region Table
Name,From [s],To [s],Corr. Area,% of Total,Color
Region 1,35.95,38.37,71.1,68,16711680
 
 
Sample Name,17a_PU_20_TP3
 
Peak Table
Time corrected area,Area,Aligned Migration Time [s],Peak Height,Peak Width
25.7,6.3,22.50,17.2,1.0
3.1,1.2,35.17,2.1,0.7
56.1,22.4,36.69,38.0,2.4
2.5,1.1,42.38,1.5,1.2
 
Fragment Table
Name,Start Time [s],End Time [s],Area,% of total Area
18S,41.05,44.59,3.0,3.6
 
Region Table
Name,From [s],To [s],Corr. Area,% of Total,Color
Region 1,35.95,38.37,57.1,68,16711680
 
 
Sample Name,17a_PU_20_TP4
 
Peak Table
Time corrected area,Area,Aligned Migration Time [s],Peak Height,Peak Width
26.1,6.4,22.50,17.1,0.9
 
Fragment Table
Name,Start Time [s],End Time [s],Area,% of total Area
 
Region Table
Name,From [s],To [s],Corr. Area,% of Total,Color
Region 1,35.95,38.37,0.0,0,16711680
 
 
Sample Name,17a_PU_20_TP5
 
Peak Table
Time corrected area,Area,Aligned Migration Time [s],Peak Height,Peak Width
25.5,6.2,22.50,17.1,0.8
1.6,0.6,33.57,0.9,0.9
5.7,2.2,35.17,3.0,1.1
39.5,15.8,36.78,20.1,2.5
3.4,1.6,42.43,1.6,1.7
 
Fragment Table
Name,Start Time [s],End Time [s],Area,% of total Area
18S,41.28,44.72,3.2,4.7
 
Region Table
Name,From [s],To [s],Corr. Area,% of Total,Color
Region 1,35.95,38.37,39.4,58,16711680
 
 
Sample Name,17a_PU_20_TP6
 
Peak Table
Time corrected area,Area,Aligned Migration Time [s],Peak Height,Peak Width
22.1,5.4,22.50,14.9,1.1
3.0,0.9,28.57,1.3,0.9
2.0,0.7,31.20,0.7,1.4
6.0,2.2,33.50,2.7,1.4
15.7,6.0,35.02,7.6,1.2
73.5,29.3,36.72,35.8,2.6
 
Fragment Table
Name,Start Time [s],End Time [s],Area,% of total Area
 
Region Table
Name,From [s],To [s],Corr. Area,% of Total,Color
Region 1,35.95,38.37,71.6,52,16711680
 
 
Sample Name,17a_PU_20_TP7
 
Peak Table
Time corrected area,Area,Aligned Migration Time [s],Peak Height,Peak Width
21.8,5.3,22.50,14.9,0.7
2.6,0.9,33.50,1.5,0.9
9.1,3.5,35.06,4.4,1.2
34.2,13.6,36.72,14.4,2.3
 
Fragment Table
Name,Start Time [s],End Time [s],Area,% of total Area
 
Region Table
Name,From [s],To [s],Corr. Area,% of Total,Color
Region 1,35.95,38.37,34.6,44,16711680
 
 
Sample Name,17a_PU_20_TP8
 
Peak Table
Time corrected area,Area,Aligned Migration Time [s],Peak Height,Peak Width
20.4,5.0,22.50,14.2,0.7
2.6,1.0,33.54,1.4,0.9
9.6,3.6,35.06,4.4,1.2
27.1,10.8,36.76,10.7,2.2
 
Fragment Table
Name,Start Time [s],End Time [s],Area,% of total Area
 
Region Table
Name,From [s],To [s],Corr. Area,% of Total,Color
Region 1,35.95,38.37,30.6,39,16711680
 
 
Sample Name,17a_PU_20_TP9
 
Peak Table
Time corrected area,Area,Aligned Migration Time [s],Peak Height,Peak Width
20.3,4.9,22.50,14.3,0.7
 
Fragment Table
Name,Start Time [s],End Time [s],Area,% of total Area
 
Region Table
Name,From [s],To [s],Corr. Area,% of Total,Color
Region 1,35.95,38.37,5.6,10,16711680
 
 
Sample Name,17a_PU_20_TP10
 
Peak Table
Time corrected area,Area,Aligned Migration Time [s],Peak Height,Peak Width
19.9,4.9,22.50,14.2,0.8
 
Fragment Table
Name,Start Time [s],End Time [s],Area,% of total Area
 
Region Table
Name,From [s],To [s],Corr. Area,% of Total,Color
Region 1,35.95,38.37,5.3,7,16711680
 
 
Sample Name,Blank
 
Peak Table
Time corrected area,Area,Aligned Migration Time [s],Peak Height,Peak Width
20.6,5.1,22.50,13.9,1.1
 
Fragment Table
Name,Start Time [s],End Time [s],Area,% of total Area
 
Region Table
Name,From [s],To [s],Corr. Area,% of Total,Color
Region 1,35.95,38.37,0.7,7,16711680
 
