Data File Name,Eukaryote Total RNA Nano_2020-12-11_09-39-16.xad
Data File Path,C:\Program Files (x86)\Agilent\2100 bioanalyzer\2100 expert\Data\2020-12-11
Date Created,"Friday, December 11, 2020 9:39:16 AM"
Date Last Modified,"Friday, December 11, 2020 10:36:22 AM"
Version Created,B.02.11.SI811
Version Last Modified,B.02.11.SI811
 
Assay Name,Eukaryote Total RNA Nano Series II
Assay Path,C:\Program Files (x86)\Agilent\2100 bioanalyzer\2100 expert\assays\RNA
Assay Title,Eukaryote Total RNA Nano
Assay Version,2.6
 
Number of Samples Run,12
 
Sample Name,Blank
 
Peak Table
Time corrected area,Area,Aligned Migration Time [s],Peak Height,Peak Width
29.5,6.9,22.50,18.7,1.1
 
Fragment Table
Name,Start Time [s],End Time [s],Area,% of total Area
 
Region Table
Name,From [s],To [s],Corr. Area,% of Total,Color
Region 1,35.79,38.18,0.5,8,16711680
 
 
Sample Name,17a_PU_23_TP1
 
Peak Table
Time corrected area,Area,Aligned Migration Time [s],Peak Height,Peak Width
29.6,7.0,22.50,19.3,1.0
35.1,13.3,36.26,28.6,1.8
1.9,0.8,41.89,1.3,1.2
 
Fragment Table
Name,Start Time [s],End Time [s],Area,% of total Area
18S,41.37,42.85,1.6,2.7
 
Region Table
Name,From [s],To [s],Corr. Area,% of Total,Color
Region 1,35.79,38.18,37.9,64,16711680
 
 
Sample Name,17a_PU_23_TP2
 
Peak Table
Time corrected area,Area,Aligned Migration Time [s],Peak Height,Peak Width
29.6,7.0,22.50,19.4,1.0
38.0,14.5,36.19,29.3,1.7
1.8,0.8,41.87,1.1,1.2
 
Fragment Table
Name,Start Time [s],End Time [s],Area,% of total Area
18S,41.35,42.77,1.4,2.0
 
Region Table
Name,From [s],To [s],Corr. Area,% of Total,Color
Region 1,35.79,38.18,42.4,59,16711680
 
 
Sample Name,17a_PU_23_TP3
 
Peak Table
Time corrected area,Area,Aligned Migration Time [s],Peak Height,Peak Width
29.8,7.1,22.50,19.2,0.9
27.1,10.4,36.18,19.8,1.9
1.9,0.9,41.93,1.0,1.0
 
Fragment Table
Name,Start Time [s],End Time [s],Area,% of total Area
18S,41.56,42.55,0.5,0.8
 
Region Table
Name,From [s],To [s],Corr. Area,% of Total,Color
Region 1,35.79,38.18,31.0,49,16711680
 
 
Sample Name,17a_PU_23_TP4
 
Peak Table
Time corrected area,Area,Aligned Migration Time [s],Peak Height,Peak Width
30.7,7.3,22.50,20.0,1.0
4.8,1.4,27.46,1.0,1.8
10.2,3.3,31.06,1.4,2.7
16.6,6.0,33.94,3.7,2.2
8.5,3.2,35.17,4.0,0.9
44.5,17.0,36.11,28.5,2.0
 
Fragment Table
Name,Start Time [s],End Time [s],Area,% of total Area
 
Region Table
Name,From [s],To [s],Corr. Area,% of Total,Color
Region 1,35.79,38.18,45.8,40,16711680
 
 
Sample Name,17a_PU_23_TP5
 
Peak Table
Time corrected area,Area,Aligned Migration Time [s],Peak Height,Peak Width
30.7,7.2,22.50,19.9,0.9
8.6,2.8,30.75,1.4,2.4
15.5,5.5,34.04,3.5,2.1
8.1,3.0,35.18,3.8,0.9
33.6,12.7,36.18,20.7,1.9
 
Fragment Table
Name,Start Time [s],End Time [s],Area,% of total Area
 
Region Table
Name,From [s],To [s],Corr. Area,% of Total,Color
Region 1,35.79,38.18,34.9,35,16711680
 
 
Sample Name,17a_PU_23_TP6
 
Peak Table
Time corrected area,Area,Aligned Migration Time [s],Peak Height,Peak Width
30.5,7.1,22.50,19.6,1.0
7.5,2.7,34.11,1.9,2.0
3.7,1.3,35.21,1.9,0.8
12.9,4.9,36.32,7.4,1.7
 
Fragment Table
Name,Start Time [s],End Time [s],Area,% of total Area
 
Region Table
Name,From [s],To [s],Corr. Area,% of Total,Color
Region 1,35.79,38.18,15.3,25,16711680
 
 
Sample Name,17a_PU_23_TP7
 
Peak Table
Time corrected area,Area,Aligned Migration Time [s],Peak Height,Peak Width
30.0,7.0,22.50,19.5,1.0
8.6,3.0,34.09,2.1,2.1
4.1,1.5,35.15,2.0,0.8
10.9,4.1,36.26,5.8,1.7
 
Fragment Table
Name,Start Time [s],End Time [s],Area,% of total Area
 
Region Table
Name,From [s],To [s],Corr. Area,% of Total,Color
Region 1,35.79,38.18,14.0,19,16711680
 
 
Sample Name,17a_PU_23_TP8
 
Peak Table
Time corrected area,Area,Aligned Migration Time [s],Peak Height,Peak Width
31.1,7.2,22.50,19.8,1.2
5.7,1.6,27.37,1.8,1.2
17.0,5.4,31.02,2.3,2.8
19.9,6.9,33.94,3.9,2.3
8.0,2.9,34.92,3.3,0.9
13.2,4.9,36.19,6.0,1.8
 
Fragment Table
Name,Start Time [s],End Time [s],Area,% of total Area
 
Region Table
Name,From [s],To [s],Corr. Area,% of Total,Color
Region 1,35.79,38.18,14.7,16,16711680
 
 
Sample Name,17a_PU_23_TP9
 
Peak Table
Time corrected area,Area,Aligned Migration Time [s],Peak Height,Peak Width
30.7,7.1,22.50,19.8,1.0
9.7,2.7,27.29,1.4,3.8
8.0,2.4,29.74,2.7,1.0
 
Fragment Table
Name,Start Time [s],End Time [s],Area,% of total Area
 
Region Table
Name,From [s],To [s],Corr. Area,% of Total,Color
Region 1,35.79,38.18,1.7,2,16711680
 
 
Sample Name,17a_PU_23_TP10
 
Peak Table
Time corrected area,Area,Aligned Migration Time [s],Peak Height,Peak Width
30.4,7.0,22.50,19.4,0.8
13.1,3.6,27.42,1.3,3.9
9.4,2.8,29.59,2.2,1.4
 
Fragment Table
Name,Start Time [s],End Time [s],Area,% of total Area
 
Region Table
Name,From [s],To [s],Corr. Area,% of Total,Color
Region 1,35.79,38.18,1.0,2,16711680
 
 
Sample Name,Blank
 
Peak Table
Time corrected area,Area,Aligned Migration Time [s],Peak Height,Peak Width
32.7,7.5,22.50,19.9,1.2
 
Fragment Table
Name,Start Time [s],End Time [s],Area,% of total Area
 
Region Table
Name,From [s],To [s],Corr. Area,% of Total,Color
Region 1,35.79,38.18,0.0,0,16711680
 
