Data File Name,Eukaryote Total RNA Nano_2020-12-02_14-38-16.xad
Data File Path,C:\Program Files (x86)\Agilent\2100 bioanalyzer\2100 expert\Data\2020-12-02
Date Created,"Wednesday, December 2, 2020 2:38:15 PM"
Date Last Modified,"Wednesday, December 2, 2020 3:36:05 PM"
Version Created,B.02.11.SI811
Version Last Modified,B.02.11.SI811
 
Assay Name,Eukaryote Total RNA Nano Series II
Assay Path,C:\Program Files (x86)\Agilent\2100 bioanalyzer\2100 expert\assays\RNA
Assay Title,Eukaryote Total RNA Nano
Assay Version,2.6
 
Number of Samples Run,12
 
Sample Name,17a4_TP1
 
Peak Table
Time corrected area,Area,Aligned Migration Time [s],Peak Height,Peak Width
12.0,2.9,22.50,9.4,0.8
10.4,3.3,30.11,6.5,1.4
2.0,0.7,33.96,1.0,1.0
56.0,21.7,36.45,32.3,2.8
 
Fragment Table
Name,Start Time [s],End Time [s],Area,% of total Area
 
Region Table
Name,From [s],To [s],Corr. Area,% of Total,Color
Region 1,29.24,30.93,10.6,13,16711680
Region 2,36.12,37.59,51.1,64,32768
 
 
Sample Name,17a4_TP2
 
Peak Table
Time corrected area,Area,Aligned Migration Time [s],Peak Height,Peak Width
12.0,2.9,22.50,9.4,0.8
11.0,3.6,30.16,6.6,1.3
6.3,2.3,33.94,1.6,1.8
5.7,2.1,34.92,2.4,1.0
30.0,11.7,36.50,15.8,2.0
 
Fragment Table
Name,Start Time [s],End Time [s],Area,% of total Area
 
Region Table
Name,From [s],To [s],Corr. Area,% of Total,Color
Region 1,29.24,30.93,12.4,18,16711680
Region 2,36.12,37.59,27.1,39,32768
 
 
Sample Name,17a4_TP3
 
Peak Table
Time corrected area,Area,Aligned Migration Time [s],Peak Height,Peak Width
11.1,2.7,22.50,8.9,0.7
16.1,5.3,30.14,8.7,1.3
13.4,4.9,33.89,2.8,2.0
11.0,4.1,34.95,4.3,1.2
23.9,9.4,36.53,11.1,1.9
 
Fragment Table
Name,Start Time [s],End Time [s],Area,% of total Area
 
Region Table
Name,From [s],To [s],Corr. Area,% of Total,Color
Region 1,29.24,30.93,19.6,20,16711680
Region 2,36.12,37.59,21.8,22,32768
 
 
Sample Name,17a4_TP4
 
Peak Table
Time corrected area,Area,Aligned Migration Time [s],Peak Height,Peak Width
11.2,2.7,22.50,8.9,0.6
10.7,3.5,30.12,5.9,1.2
11.6,4.3,33.84,2.3,2.2
7.2,2.8,34.94,3.0,1.1
12.4,4.9,36.55,5.3,1.8
 
Fragment Table
Name,Start Time [s],End Time [s],Area,% of total Area
 
Region Table
Name,From [s],To [s],Corr. Area,% of Total,Color
Region 1,29.24,30.93,14.1,21,16711680
Region 2,36.12,37.59,10.8,16,32768
 
 
Sample Name,17a5_TP1
 
Peak Table
Time corrected area,Area,Aligned Migration Time [s],Peak Height,Peak Width
11.5,2.8,22.50,9.1,0.8
10.0,3.3,30.15,6.2,1.4
39.0,15.5,36.48,32.8,4.1
1.6,0.7,41.93,1.1,0.9
 
Fragment Table
Name,Start Time [s],End Time [s],Area,% of total Area
18S,41.20,43.76,1.9,2.9
 
Region Table
Name,From [s],To [s],Corr. Area,% of Total,Color
Region 1,29.24,30.93,11.2,17,16711680
Region 2,36.12,37.59,36.7,56,32768
 
 
Sample Name,17a5_TP2
 
Peak Table
Time corrected area,Area,Aligned Migration Time [s],Peak Height,Peak Width
11.5,2.8,22.50,8.9,0.8
11.2,3.7,30.12,6.8,1.2
5.2,1.9,33.80,1.9,1.7
22.7,9.0,36.46,17.4,1.8
 
Fragment Table
Name,Start Time [s],End Time [s],Area,% of total Area
 
Region Table
Name,From [s],To [s],Corr. Area,% of Total,Color
Region 1,29.24,30.93,12.8,20,16711680
Region 2,36.12,37.59,22.5,35,32768
 
 
Sample Name,17a5_TP3
 
Peak Table
Time corrected area,Area,Aligned Migration Time [s],Peak Height,Peak Width
9.9,2.4,22.50,7.8,0.6
14.3,4.7,30.11,7.7,1.3
3.4,1.2,32.92,1.6,0.9
3.8,1.4,33.80,2.2,0.7
18.0,7.1,36.47,9.1,2.4
 
Fragment Table
Name,Start Time [s],End Time [s],Area,% of total Area
 
Region Table
Name,From [s],To [s],Corr. Area,% of Total,Color
Region 1,29.24,30.93,17.4,24,16711680
Region 2,36.12,37.59,14.4,20,32768
 
 
Sample Name,17a5_TP4
 
Peak Table
Time corrected area,Area,Aligned Migration Time [s],Peak Height,Peak Width
9.7,2.3,22.50,7.8,0.6
9.8,3.2,30.14,5.5,1.2
2.3,0.8,32.92,1.3,0.7
2.6,0.9,33.84,1.4,0.7
6.0,2.4,36.62,3.5,1.4
 
Fragment Table
Name,Start Time [s],End Time [s],Area,% of total Area
 
Region Table
Name,From [s],To [s],Corr. Area,% of Total,Color
Region 1,29.24,30.93,11.9,28,16711680
Region 2,36.12,37.59,6.5,15,32768
 
 
Sample Name,17a6_TP1
 
Peak Table
Time corrected area,Area,Aligned Migration Time [s],Peak Height,Peak Width
9.5,2.3,22.50,7.5,0.6
9.7,3.1,30.11,6.0,1.3
0.9,0.3,33.91,0.6,0.7
49.6,19.5,36.46,43.6,2.2
 
Fragment Table
Name,Start Time [s],End Time [s],Area,% of total Area
18S,41.43,42.63,0.7,1.0
28S,49.27,49.92,0.1,0.2
 
Region Table
Name,From [s],To [s],Corr. Area,% of Total,Color
Region 1,29.24,30.93,9.9,14,16711680
Region 2,36.12,37.59,48.8,70,32768
 
 
Sample Name,17a6_TP2
 
Peak Table
Time corrected area,Area,Aligned Migration Time [s],Peak Height,Peak Width
9.2,2.2,22.50,7.5,0.7
12.2,3.9,30.14,7.0,1.4
5.6,2.0,34.01,1.4,1.8
36.1,14.1,36.52,24.6,2.5
 
Fragment Table
Name,Start Time [s],End Time [s],Area,% of total Area
 
Region Table
Name,From [s],To [s],Corr. Area,% of Total,Color
Region 1,29.24,30.93,14.0,18,16711680
Region 2,36.12,37.59,31.8,41,32768
 
 
Sample Name,17a6_TP3
 
Peak Table
Time corrected area,Area,Aligned Migration Time [s],Peak Height,Peak Width
9.0,2.2,22.50,7.2,0.6
4.8,1.5,28.43,1.0,2.0
13.8,4.5,30.16,7.0,1.4
4.3,1.5,31.70,1.7,0.9
5.5,2.0,33.14,2.2,1.1
24.7,9.7,36.60,12.5,2.6
0.6,0.4,59.28,0.8,0.7
 
Fragment Table
Name,Start Time [s],End Time [s],Area,% of total Area
 
Region Table
Name,From [s],To [s],Corr. Area,% of Total,Color
Region 1,29.24,30.93,14.2,21,16711680
Region 2,36.12,37.59,18.5,27,32768
 
 
Sample Name,17a6_TP4
 
Peak Table
Time corrected area,Area,Aligned Migration Time [s],Peak Height,Peak Width
8.8,2.1,22.50,7.0,0.8
10.1,3.3,30.17,5.2,1.4
3.3,1.1,31.61,1.3,1.0
3.4,1.2,33.15,1.6,0.9
12.3,4.9,36.73,5.3,2.4
 
Fragment Table
Name,Start Time [s],End Time [s],Area,% of total Area
 
Region Table
Name,From [s],To [s],Corr. Area,% of Total,Color
Region 1,29.24,30.93,11.9,22,16711680
Region 2,36.12,37.59,9.7,18,32768
 
